companyShortName,positionName,education,workYear,coooooooompanyFullName,positionAdvantage,salary,city,linestaion,companySize,financeStage
拉勾网,Web前端开发,本科,3-5年,,技术挑战、美味果盘、运动健身,15k-30k,北京,4号线大兴线_海淀黄庄;4号线大兴线_中关村;4号线大兴线_北京大学东门;10号线_苏州街;10号线_海淀黄庄,500-2000人,D轮及以上
vivo,Web前端开发工程师（Base南京）,本科,5-10年,,"高成长,高潜力,高回报",15k-30k,北京,10号线_知春里;10号线_知春路;13号线_大钟寺;13号线_知春路,2000人以上,未融资
洋钱罐,Web前端工程师,本科,1-3年,,"扁平化管理,技术大牛,午餐晚餐,不打卡",15k-30k,北京,6号线_呼家楼;6号线_东大桥;10号线_农业展览馆;10号线_团结湖;10号线_呼家楼;10号线_金台夕照,150-500人,不需要融资
四众互联,web前端工程师,本科,1-3年,,发展平台、七险一金、年终奖,15k-25k,北京,,50-150人,不需要融资
尚德机构,Web前端开发工程师,本科,3-5年,,"十五薪,轻松的环境,扁平化管理,免费学习",20k-35k,北京,14号线东段_来广营;14号线东段_东湖渠,2000人以上,B轮
第三石科技,Web前端开发工程师,本科,3-5年,,良好的技术氛围，扁平化管理，年轻创业团队,15k-30k,北京,,50-150人,B轮
家园网,web前端开发工程师,本科,3-5年,,"股票期权,绩效奖金",15k-25k,北京,,500-2000人,不需要融资
竞技世界,web前端工程师,本科,5-10年,,定期调薪，国内外出游，大牛云集，健身房,20k-30k,北京,13号线_上地,500-2000人,不需要融资
Face++,web前端开发工程师,不限,不限,,大牛多；黑科技 ；人工智能,15k-30k,北京,4号线大兴线_海淀黄庄;4号线大兴线_中关村;4号线大兴线_北京大学东门;10号线_苏州街;10号线_海淀黄庄;10号线_知春里,500-2000人,C轮
网利宝,web前端,不限,3-5年,,产品发展快，上升快，加薪快 美女多,15k-30k,北京,,150-500人,B轮
美团点评,WEB 前端开发工程师,本科,3-5年,,"平台好,福利好,技术牛人多,氛围棒",20k-40k,北京,5号线_和平西桥;8号线_安德里北街;8号线_安华桥;8号线_北土城;10号线_北土城;10号线_安贞门,2000人以上,D轮及以上
北京捷越联合,Web前端工程师,大专,3-5年,,六险一金 地铁周边,15k-25k,北京,2号线_东四十条;2号线_朝阳门;5号线_灯市口;5号线_东四;6号线_朝阳门;6号线_东四,2000人以上,不需要融资
TalkingData,Web前端开发工程师,不限,不限,,创新方向；高于同行薪资；东直门便利交通,15k-30k,北京,2号线_东直门;2号线_东四十条;13号线_东直门;机场线_东直门,500-2000人,D轮及以上
云帐房,Web前端开发工程师,本科,5-10年,,优秀领导 和谐团队 竞争性福利 好技术平台,15k-28k,北京,1号线_建国门;2号线_朝阳门;2号线_建国门;5号线_灯市口;6号线_朝阳门,150-500人,B轮
微创,Web前端开发（赴平安好房）,本科,3-5年,,"弹性时间,五险一金,团建活动",15k-17k,北京,4号线大兴线_海淀黄庄;4号线大兴线_中关村;4号线大兴线_北京大学东门;10号线_苏州街;10号线_海淀黄庄,2000人以上,不需要融资
拉勾网,Web前端开发,本科,3-5年,,技术挑战、美味果盘、运动健身,15k-30k,北京,4号线大兴线_海淀黄庄;4号线大兴线_中关村;4号线大兴线_北京大学东门;10号线_苏州街;10号线_海淀黄庄,500-2000人,D轮及以上
vivo,Web前端开发工程师（Base南京）,本科,5-10年,,"高成长,高潜力,高回报",15k-30k,北京,10号线_知春里;10号线_知春路;13号线_大钟寺;13号线_知春路,2000人以上,未融资
洋钱罐,Web前端工程师,本科,1-3年,,"扁平化管理,技术大牛,午餐晚餐,不打卡",15k-30k,北京,6号线_呼家楼;6号线_东大桥;10号线_农业展览馆;10号线_团结湖;10号线_呼家楼;10号线_金台夕照,150-500人,不需要融资
四众互联,web前端工程师,本科,1-3年,,发展平台、七险一金、年终奖,15k-25k,北京,,50-150人,不需要融资
尚德机构,Web前端开发工程师,本科,3-5年,,"十五薪,轻松的环境,扁平化管理,免费学习",20k-35k,北京,14号线东段_来广营;14号线东段_东湖渠,2000人以上,B轮
第三石科技,Web前端开发工程师,本科,3-5年,,良好的技术氛围，扁平化管理，年轻创业团队,15k-30k,北京,,50-150人,B轮
家园网,web前端开发工程师,本科,3-5年,,"股票期权,绩效奖金",15k-25k,北京,,500-2000人,不需要融资
竞技世界,web前端工程师,本科,5-10年,,定期调薪，国内外出游，大牛云集，健身房,20k-30k,北京,13号线_上地,500-2000人,不需要融资
Face++,web前端开发工程师,不限,不限,,大牛多；黑科技 ；人工智能,15k-30k,北京,4号线大兴线_海淀黄庄;4号线大兴线_中关村;4号线大兴线_北京大学东门;10号线_苏州街;10号线_海淀黄庄;10号线_知春里,500-2000人,C轮
网利宝,web前端,不限,3-5年,,产品发展快，上升快，加薪快 美女多,15k-30k,北京,,150-500人,B轮
美团点评,WEB 前端开发工程师,本科,3-5年,,"平台好,福利好,技术牛人多,氛围棒",20k-40k,北京,5号线_和平西桥;8号线_安德里北街;8号线_安华桥;8号线_北土城;10号线_北土城;10号线_安贞门,2000人以上,D轮及以上
北京捷越联合,Web前端工程师,大专,3-5年,,六险一金 地铁周边,15k-25k,北京,2号线_东四十条;2号线_朝阳门;5号线_灯市口;5号线_东四;6号线_朝阳门;6号线_东四,2000人以上,不需要融资
TalkingData,Web前端开发工程师,不限,不限,,创新方向；高于同行薪资；东直门便利交通,15k-30k,北京,2号线_东直门;2号线_东四十条;13号线_东直门;机场线_东直门,500-2000人,D轮及以上
云帐房,Web前端开发工程师,本科,5-10年,,优秀领导 和谐团队 竞争性福利 好技术平台,15k-28k,北京,1号线_建国门;2号线_朝阳门;2号线_建国门;5号线_灯市口;6号线_朝阳门,150-500人,B轮
微创,Web前端开发（赴平安好房）,本科,3-5年,,"弹性时间,五险一金,团建活动",15k-17k,北京,4号线大兴线_海淀黄庄;4号线大兴线_中关村;4号线大兴线_北京大学东门;10号线_苏州街;10号线_海淀黄庄,2000人以上,不需要融资
滴滴出行,web前端开发工程师,本科,3-5年,,期权激励，六险一金，未来的一站式出行平台,20k-35k,北京,,2000人以上,不需要融资
搜狗,网页搜索-资深Web前端开发工程师,本科,5-10年,,公司重点项目、海量数据支撑、服务数亿用户,25k-50k,北京,4号线大兴线_北京大学东门;13号线_五道口;15号线_清华东路西口,2000人以上,C轮
普奥云信息,web前端,本科,3-5年,,物联网 大数据 六险一金,15k-20k,北京,14号线东段_望京;14号线东段_阜通;14号线东段_望京南;15号线_望京东;15号线_望京,50-150人,A轮
新东方教育行业研究院,web前端开发工程师,本科,3-5年,,"扁平化,大牛多,待遇好",15k-27k,北京,4号线大兴线_海淀黄庄;4号线大兴线_中关村;4号线大兴线_北京大学东门;10号线_苏州街;10号线_海淀黄庄,150-500人,B轮
京东商城,WEB前端开发工程师,本科,3-5年,,"技术大牛多,公司环境好,有班车,帅哥美女多",15K-30K,北京,亦庄线_万源街;亦庄线_荣京东街,2000人以上,上市公司
一起考教师,高级web前端开发工程师,本科,3-5年,,"五险一金,弹性工作,扁平管理,晋升空间大",15k-25k,北京,10号线_苏州街;10号线_长春桥;10号线_火器营,50-150人,A轮
好未来,web前端工程师,本科,3-5年,,"五险一金,试用期全额,年终奖金",25k-40k,北京,4号线大兴线_人民大学;4号线大兴线_海淀黄庄;4号线大兴线_中关村;10号线_苏州街;10号线_海淀黄庄;10号线_知春里,2000人以上,上市公司
薪人薪事,Web前端工程师,本科,3-5年,,"技术导向,大牛云集,15薪餐补,零食饮料",15k-25k,北京,14号线东段_来广营;14号线东段_东湖渠,50-150人,B轮
丽兹行,web前端,本科,3-5年,,"新项目,新技术,朝阳行业,美女多",20k-35k,北京,14号线东段_望京;14号线东段_阜通;14号线东段_望京南;15号线_望京东;15号线_望京,500-2000人,不需要融资
巧达数据,web前端开发工程师,不限,3-5年,,月餐补2千 半年加薪 6个月年奖 期权换现金,15k-25k,北京,4号线大兴线_海淀黄庄;4号线大兴线_中关村;4号线大兴线_北京大学东门;10号线_苏州街;10号线_海淀黄庄;10号线_知春里,50-150人,B轮
爱奇艺,卢米埃-Web前端开发,本科,3-5年,,公司前景好，带薪年假，优秀团队,15k-20k,北京,4号线大兴线_海淀黄庄;4号线大兴线_中关村;4号线大兴线_北京大学东门;10号线_苏州街;10号线_海淀黄庄,2000人以上,D轮及以上
光宇游戏,web前端工程师,大专,3-5年,,定期体检 带薪年假 生育补贴,10k-11k,北京,,2000人以上,上市公司
小米,web前端,本科,3-5年,,"年终奖,餐补,股票期权,没有考勤",15k-25k,北京,13号线_上地,2000人以上,D轮及以上
办公逸,Web前端开发,本科,5-10年,,"五险一金,弹性工作,带薪年假,定期体检",15k-20k,北京,13号线_上地,50-150人,B轮
智慧星光,Web前端开发工程师,本科,3-5年,,"五险一金,双休,过节费,补助",18k-25k,北京,4号线大兴线_海淀黄庄;4号线大兴线_中关村;4号线大兴线_北京大学东门;10号线_苏州街;10号线_海淀黄庄,500-2000人,不需要融资
滴滴出行,web前端工程师,本科,3-5年,,期权激励，六险一金，靠谱团队，福利最全,22k-44k,北京,13号线_西二旗;昌平线_西二旗,2000人以上,不需要融资
普奥云信息,web前端开发工程师,本科,3-5年,,"云计算,物联网,六险一金",15k-30k,北京,14号线东段_望京;14号线东段_阜通;14号线东段_望京南;15号线_望京东;15号线_望京,50-150人,A轮
肆客体育,web前端开发工程师,本科,3-5年,,快速发展,15k-30k,北京,,50-150人,A轮
京东集团,Web前端开发工程师,本科,5-10年,,"五险一金,股票期权,免费班车,补充医疗",25k-50k,北京,8号线_奥林匹克公园;8号线_森林公园南门;15号线_奥林匹克公园,2000人以上,上市公司
Udesk－企业级智能客服平台,web前端,本科,5-10年,,"行业爆发期,团队强悍,待遇丰厚",20k-35k,北京,2号线_车公庄;2号线_西直门;4号线大兴线_平安里;4号线大兴线_新街口;4号线大兴线_西直门;6号线_平安里;6号线_车公庄;6号线_车公庄西,150-500人,B轮
新中新集团,web前端开发工程师,本科,5-10年,,"领导好,团队活泼,待遇好,有发展空间",12k-22k,北京,9号线_丰台科技园;9号线_科怡路;房山线_郭公庄,500-2000人,上市公司
家园网,高级web前端工程师,本科,5-10年,,"股票期权,绩效奖金",20k-30k,北京,,500-2000人,不需要融资
彩量科技,WEB前端工程师,本科,3-5年,,"扁平管理,福利好,发展快,人性化",15k-30k,北京,14号线东段_望京;14号线东段_阜通;14号线东段_望京南;15号线_望京东;15号线_望京,15-50人,不需要融资
百度,Web前端研发工程师,本科,3-5年,,"福利好,环境好,弹性,发展前景",20k-40k,北京,13号线_西二旗;昌平线_西二旗,2000人以上,不需要融资
众享比特,WEB前端研发工程师,本科,3-5年,,"全额一金,补充医疗,员工体检,半年调薪",15k-25k,北京,14号线东段_将台;14号线东段_东风北桥,15-50人,B轮
马上金融,WEB前端开发工程师,本科,3-5年,,年终奖，学习上升空间大，工作氛围好,15k-30k,北京,15号线_望京东,2000人以上,不需要融资
畅游,Web前端开发工程师,本科,3-5年,,"发展平台好,各类补助,超长年假,工作环境好",15k-20k,北京,1号线_八角游乐园,2000人以上,上市公司
美团点评,web前端开发,本科,3-5年,,"六险一金,管理nic,薪酬高",20k-40k,北京,15号线_望京东,2000人以上,D轮及以上
京东金融,web前端,本科,3-5年,,餐补+年终奖+好的晋升空间,15k-25k,北京,,2000人以上,上市公司
洋钱罐,中级Web前端工程师,硕士,1-3年,,"互联网金融,技术力量强,定期体检,氛围轻松",20k-35k,北京,6号线_呼家楼;6号线_东大桥;10号线_农业展览馆;10号线_团结湖;10号线_呼家楼;10号线_金台夕照,150-500人,不需要融资
家园网,高级web前端工程师,本科,5-10年,,"股票期权,绩效奖金",20k-30k,北京,,500-2000人,不需要融资
洛客众创,web前端开发,本科,3-5年,,"技术氛围,带薪年假,五险一金,零食不断",18k-30k,北京,5号线_大屯路东;8号线_奥林匹克公园;8号线_森林公园南门;15号线_大屯路东;15号线_安立路;15号线_奥林匹克公园,150-500人,B轮
APUS Group,Web前端研发工程师,不限,3-5年,,五险一金，股票期权，扁平管理，团建丰富,15k-30k,北京,14号线东段_望京;14号线东段_阜通;14号线东段_望京南;15号线_望京东;15号线_望京,150-500人,B轮
格灵深瞳,web前端开发工程师,本科,3-5年,,"六险一金,年终奖,弹性工作,节日福利",15k-25k,北京,8号线_林萃桥,50-150人,C轮
九五智驾,web前端开发工程师,本科,5-10年,,五险一金 年底双薪 绩效奖金 节日福利 体检,15k-25k,北京,4号线大兴线_动物园;4号线大兴线_国家图书馆;4号线大兴线_魏公村;9号线_国家图书馆,500-2000人,上市公司
Udesk－企业级智能客服平台,web前端,本科,3-5年,,"行业爆发期,团队强悍,待遇丰厚",15k-25k,北京,2号线_车公庄;2号线_西直门;4号线大兴线_平安里;4号线大兴线_新街口;4号线大兴线_西直门;6号线_平安里;6号线_车公庄;6号线_车公庄西,150-500人,B轮
启明合心,web前端工程师,本科,3-5年,,"业务稳定,团队牛逼,重视个体,扁平管理",18k-25k,北京,4号线大兴线_北京大学东门;13号线_五道口;15号线_清华东路西口,15-50人,A轮
九章云极科技,web前端资深工程师,本科,5-10年,,"技术大神,氛围好,福利多,空间大",25k-40k,北京,13号线_上地,150-500人,B轮
爱特曼科技,Web 前端工程师,本科,5-10年,,"高薪,福利待遇优,人性化管理,前景广阔",18k-35k,北京,10号线_知春路;10号线_西土城;13号线_大钟寺;13号线_知春路,15-50人,A轮
洋钱罐,中高级Web前端工程师,硕士,1-3年,,"技术驱动,六险一金,工作氛围好,午餐晚餐",20k-35k,北京,6号线_呼家楼;6号线_东大桥;10号线_农业展览馆;10号线_团结湖;10号线_呼家楼;10号线_金台夕照,150-500人,不需要融资
跟谁学,web前端开发工程师,本科,3-5年,,六险一金，8天带薪年假，餐补,15k-25k,北京,,500-2000人,A轮
捷通华声,高级web前端开发工程师,本科,3-5年,,"人工智能,半年调薪,团队氛围好,五险一金",15k-25k,北京,13号线_西二旗;昌平线_西二旗,150-500人,不需要融资
极客邦科技,Web前端工程师,本科,3-5年,,"弹性办公,大牛团队,氛围愉悦,注重分享",15k-25k,北京,14号线东段_来广营;14号线东段_东湖渠,50-150人,A轮
信和财富,web前端工程师,本科,3-5年,,"五险一金,带薪病假,美女帅锅多,弹性工作时",18k-25k,北京,9号线_丰台科技园;9号线_科怡路;房山线_郭公庄,2000人以上,不需要融资
尚德机构,高级Web前端工程师,本科,3-5年,,"五险一金,14天年假,免费学习,15薪",20k-40k,北京,14号线东段_来广营;14号线东段_东湖渠,2000人以上,B轮
家园网,中级web前端工程师,本科,3-5年,,"股票期权,绩效奖金",15k-25k,北京,,500-2000人,不需要融资
赢时胜软件,Web前端高级开发工程师,本科,5-10年,,"公司前景好,内部培训,优秀团队",18k-25k,北京,,500-2000人,上市公司
智慧星光,web前端开发--编辑器控件,本科,3-5年,,"环境好,福利棒",15k-25k,北京,4号线大兴线_海淀黄庄;4号线大兴线_中关村;4号线大兴线_北京大学东门;10号线_苏州街;10号线_海淀黄庄,500-2000人,不需要融资
mobike摩拜单车,web前端开发,本科,3-5年,,五险一金、期权、每年2次调薪、扁平化管理,20k-35k,北京,,150-500人,D轮及以上
数美,web前端工程师,本科,1-3年,,"海量数据,大牛云集,股票期权,待遇给力",15k-30k,北京,14号线东段_来广营;14号线东段_东湖渠,150-500人,B轮
罗辑思维,Web前端工程师,本科,3-5年,,"补充医疗,定期体检,弹性工作,发展空间大",15k-30k,北京,,150-500人,B轮
高思教育集团,Web前端开发工程师,本科,3-5年,,"平台广阔,领导好,周末双休,六险一金",15k-25k,北京,,2000人以上,上市公司
时趣social-touch,web前端工程师,本科,3-5年,,平台好，弹性工作，晋升空间大,15k-25k,北京,7号线_九龙山;7号线_广渠门外;10号线_双井;10号线_劲松;14号线东段_九龙山,500-2000人,D轮及以上
微创,Web前端工程师,本科,3-5年,,"带薪假期,六险一金,年终奖金,弹性工作",10k-13k,北京,16号线_马连洼,2000人以上,不需要融资
最右,高级web前端工程师,本科,3-5年,,"成长空间大,高薪高股,大牛云集,不打卡",20k-40k,北京,10号线_西土城;10号线_牡丹园;10号线_健德门,50-150人,B轮
洋钱罐,高级Web前端工程师,本科,1-3年,,"技术驱动,六险一金,技术大神多,午餐晚餐",20k-35k,北京,6号线_呼家楼;6号线_东大桥;10号线_农业展览馆;10号线_团结湖;10号线_呼家楼;10号线_金台夕照,150-500人,不需要融资
恒昌利通,高级WEB前端开发工程师,本科,5-10年,,弹性工作、企业班车、BAT大牛团队,20k-30k,北京,,2000人以上,不需要融资
作业盒子,高级web前端开发工程师,本科,3-5年,,期权 高速发展 BAT牛人 办公环境 免费水果,20k-40k,北京,1号线_建国门;2号线_东四十条;2号线_朝阳门;2号线_建国门;5号线_灯市口;5号线_东四;6号线_朝阳门;6号线_东四,150-500人,C轮
畅游,web前端工程师,本科,3-5年,,"技能提升,学习空间,薪酬福利,五险一金",10k-20k,北京,,2000人以上,上市公司
博易智软,web前端开发工程师,大专,3-5年,,"年底双薪,五险一金,带薪年假,餐补",15k-20k,北京,2号线_西直门;4号线大兴线_西直门,150-500人,上市公司
智慧星光,web前端工程师,本科,3-5年,,"五险一金,交通补助,全勤奖,节日福利",10k-20k,北京,4号线大兴线_海淀黄庄;4号线大兴线_中关村;4号线大兴线_北京大学东门;10号线_苏州街;10号线_海淀黄庄,500-2000人,不需要融资
瓜子二手车直卖网,Web前端开发,本科,3-5年,,前沿技术 弹性工作 年终奖丰厚,25k-30k,北京,13号线_西二旗;昌平线_西二旗,2000人以上,B轮
火舞游戏,web前端开发工程师,大专,3-5年,,高素质团队 扁平管理 氛围好 老板好,15k-25k,北京,1号线_四惠东;八通线_四惠东;八通线_高碑店,15-50人,不需要融资
转转,资深web前端开发工程师,本科,3-5年,,"挑战&amp;成长,空间大,回报好,万亿潜力",25k-50k,北京,,500-2000人,A轮
永洪科技,高级web前端工程师,本科,5-10年,,"C轮,高端办公,技术大牛,发展空间大",25k-30k,北京,1号线_永安里;1号线_国贸;6号线_呼家楼;6号线_东大桥;10号线_呼家楼;10号线_金台夕照;10号线_国贸,150-500人,C轮
舟恩信息,WEB前端开发,本科,3-5年,,"互联网,金融",12k-18k,北京,13号线_西二旗;昌平线_西二旗,150-500人,不需要融资
尚德机构,高级web前端开发,本科,3-5年,,发展空间大 扁平化管理 技术氛围好,20k-30k,北京,14号线东段_来广营;14号线东段_东湖渠,2000人以上,B轮
网贷天眼,WEB前端开发工程师,本科,3-5年,,"五险一金,年底双薪,过节福利,创业公司",12k-24k,北京,,50-150人,A轮
水象金融,Web前端开发工程师,本科,3-5年,,"年底双薪,美味下午茶,带薪年假,交通补助",15k-20k,北京,9号线_丰台科技园;9号线_科怡路;房山线_郭公庄,150-500人,A轮
蜻蜓FM,web前端工程师,本科,3-5年,,发展前景优，工作氛围轻松,18k-36k,北京,1号线_永安里;1号线_国贸;6号线_呼家楼;6号线_东大桥;10号线_呼家楼;10号线_金台夕照;10号线_国贸,150-500人,D轮及以上
dotamax,web前端,本科,不限,,北大博士 腾讯大牛 电竞大数据 丰厚期权,8k-15k,北京,14号线东段_望京;14号线东段_阜通;14号线东段_望京南;15号线_望京东;15号线_望京,50-150人,A轮
好未来,培优总部-web前端,本科,3-5年,,上市公司、五险一金、发展空间大,20k-30k,北京,4号线大兴线_魏公村;4号线大兴线_人民大学;4号线大兴线_海淀黄庄;10号线_海淀黄庄;10号线_知春里,2000人以上,上市公司
任子行,高级WEB开发工程师（前端）,本科,3-5年,,上市公司 股权激励,15k-20k,北京,16号线_温阳路,500-2000人,上市公司
美团点评,闪付业务-web前端开发工程师,本科,3-5年,,"核心部门,平台大,待遇优,发展空间大",15k-30k,北京,15号线_望京东,2000人以上,D轮及以上
畅捷通,WEB前端,本科,3-5年,,"五险一金,13薪,车话餐补,开放扁平",20k-30k,北京,16号线_永丰;16号线_永丰南,500-2000人,上市公司
洋钱罐,Web前端工程师,本科,1-3年,,"扁平化管理,技术大牛,午餐晚餐,六险一金",15k-30k,北京,6号线_呼家楼;6号线_东大桥;10号线_农业展览馆;10号线_团结湖;10号线_呼家楼;10号线_金台夕照,150-500人,不需要融资
AbleSky,web前端开发工程师,本科,3-5年,,"互联网教育,技术大牛,高回报率,团队氛围好",15k-20k,北京,10号线_西土城;15号线_六道口,150-500人,C轮
美菜网,web前端（总部-Z）,本科,3-5年,,五险一金 弹性工作,18k-36k,北京,8号线_安华桥;8号线_北土城;10号线_北土城;10号线_安贞门,2000人以上,D轮及以上
铂金智慧,高级web前端工程师,不限,5-10年,,"大数据产品,新技术,弹性工作,免费晚餐",15k-30k,北京,13号线_上地,150-500人,B轮
瓜子二手车直卖网,web前端开发,本科,3-5年,,平均15薪行业独角兽；弹性工作时间,18k-35k,北京,13号线_龙泽,2000人以上,B轮
幸福消费金融,Web前端开发工程师,本科,5-10年,,"年终奖金,绩效奖金,带薪年假",20k-35k,北京,1号线_国贸;7号线_九龙山;7号线_广渠门外;10号线_国贸;10号线_双井;10号线_劲松;14号线东段_九龙山,50-150人,不需要融资
腾讯,Web前端开发,本科,3-5年,,公司平台大，福利待遇好,13k-26k,北京,10号线_知春里;10号线_知春路;10号线_西土城;13号线_大钟寺;13号线_知春路,2000人以上,上市公司
尚德机构,高级web前端开发工程师,本科,3-5年,,发展空间大 团队氛围好,20k-35k,北京,14号线东段_来广营;14号线东段_东湖渠,2000人以上,B轮
滴滴出行,Web前端研发工程师/架构师,本科,3-5年,,期权激励，六险一金，靠谱团队，福利最全,20k-40k,北京,13号线_西二旗;昌平线_西二旗,2000人以上,不需要融资
慕课网,Web前端开发工程师,本科,3-5年,,"五险一金,补充医疗,定期体检,节日福利",15k-25k,北京,4号线大兴线_魏公村;4号线大兴线_人民大学;10号线_长春桥,50-150人,不需要融资
美团点评,web前端工程师,本科,1-3年,,技术氛围好,20k-30k,北京,15号线_望京东,2000人以上,D轮及以上
混沌大学,web前端开发工程师,本科,3-5年,,"福利好,有前景,技术优秀",15k-25k,北京,4号线大兴线_人民大学;4号线大兴线_海淀黄庄;10号线_海淀黄庄;10号线_知春里;10号线_知春路;13号线_大钟寺;13号线_知春路,150-500人,不需要融资
九章云极科技,Web前端资深工程师,本科,3-5年,,技术大牛，领导nice，六险一金，成长型公司,15k-25k,北京,13号线_上地,150-500人,B轮
竞技世界,web前端,本科,3-5年,,过节费，旅游，年终奖金，各种福利等着你！,15k-25k,北京,13号线_上地,500-2000人,不需要融资
LinkFace,WEB前端工程师,硕士,5-10年,,"人工智能,股东背景强,优秀团队,期权可谈",20k-30k,北京,4号线大兴线_北京大学东门;13号线_五道口;15号线_清华东路西口,50-150人,不需要融资
瓜子二手车直卖网,资深web前端工程师,本科,5-10年,,期权 双休 不打卡,25k-40k,北京,13号线_西二旗;昌平线_西二旗,2000人以上,B轮
思源科技,高级web前端工程师,本科,3-5年,,"带薪年假,大公司,团队优秀,技术氛围好",18k-30k,北京,13号线_望京西;14号线东段_望京;14号线东段_阜通;15号线_望京;15号线_望京西,2000人以上,不需要融资
最右,web前端工程师,本科,1-3年,,"成长空间大,高薪高股,不打卡,大牛云集",15k-30k,北京,10号线_西土城;10号线_牡丹园;10号线_健德门,50-150人,B轮
首证投顾,Web前端开发工程师,本科,5-10年,,"五险一金,全勤奖,带薪年假,节日福利",15k-25k,北京,10号线_宋家庄;10号线_石榴庄,500-2000人,不需要融资
洋钱罐,中高级Web前端工程师,本科,1-3年,,"互联网金融,扁平化管理,补充医疗,氛围轻松",20k-35k,北京,6号线_呼家楼;6号线_东大桥;10号线_农业展览馆;10号线_团结湖;10号线_呼家楼;10号线_金台夕照,150-500人,不需要融资
好未来,Web前端工程师-H5,本科,3-5年,,弹性工时,20k-40k,北京,4号线大兴线_人民大学;4号线大兴线_海淀黄庄;4号线大兴线_中关村;10号线_苏州街;10号线_海淀黄庄;10号线_知春里,2000人以上,上市公司
闲徕互娱,高级web前端开发,本科,5-10年,,"六险一金,健身",15k-30k,北京,5号线_北苑路北;5号线_立水桥南,500-2000人,不需要融资
12链,web前端开发工程师,本科,3-5年,,"竞争力薪资,领导nic,海外游",15k-25k,北京,14号线东段_望京;14号线东段_阜通;14号线东段_望京南;15号线_望京东;15号线_望京,15-50人,天使轮
出门问问,web前端工程师-中国-00427,本科,3-5年,,"五险一金,年终奖,发展空间,团队氛围",10k-20k,北京,4号线大兴线_海淀黄庄;4号线大兴线_中关村;4号线大兴线_北京大学东门;10号线_苏州街;10号线_海淀黄庄;10号线_知春里,150-500人,D轮及以上
启迪云控,Web前端开发工程师-北京-00012,本科,3-5年,,五险一金 补充医疗 午餐补助 丰富团建活动,20k-30k,北京,4号线大兴线_北京大学东门;13号线_五道口;15号线_清华东路西口,50-150人,不需要融资
明略数据,Web前端开发工程师,本科,3-5年,,开发新产品,20k-40k,北京,4号线大兴线_北京大学东门;13号线_五道口;15号线_清华东路西口,150-500人,C轮
云帐房,高级Web前端工程师,本科,5-10年,,优秀leader 福利好 和谐团队 发展好,16k-25k,北京,1号线_建国门;2号线_朝阳门;2号线_建国门;5号线_灯市口;6号线_朝阳门,150-500人,B轮
Moka,WEB前端开发工程师,本科,3-5年,,"六险一金,交补饭补,发展空间大",20k-35k,北京,4号线大兴线_海淀黄庄;4号线大兴线_中关村;4号线大兴线_北京大学东门;10号线_苏州街;10号线_海淀黄庄,50-150人,A轮
捷通华声,web前端开发工程师（高级）,本科,3-5年,,人工智能 项目奖金多 晋升空间大,15k-30k,北京,13号线_西二旗;昌平线_西二旗,150-500人,不需要融资
乐步教育,web前端工程师--angular,本科,3-5年,,"提升空间大,交通便利,福利待遇好,公司发展好",20k-30k,北京,4号线大兴线_海淀黄庄;4号线大兴线_中关村;4号线大兴线_北京大学东门;10号线_苏州街;10号线_海淀黄庄;10号线_知春里,50-150人,A轮
思源科技,资深Web前端开发工程师,本科,3-5年,,"年底双薪,五险一金,带薪年假",20k-35k,北京,13号线_望京西;14号线东段_望京;14号线东段_阜通;15号线_望京;15号线_望京西,2000人以上,不需要融资
北京联合倍全电子商务有限公司,web前端开发工程师,大专,3-5年,,领导是技术大咖/各种福利/年底双薪/双休,15k-25k,北京,14号线东段_将台,500-2000人,不需要融资
影谱科技,web前端工程师,本科,3-5年,,"上市公司,技术大牛,全额社保,福利超好",15k-25k,北京,2号线_东直门;2号线_东四十条;13号线_东直门;机场线_东直门,50-150人,上市公司
分贝通,web前端,本科,3-5年,,大牛带队 晋升空间大 有期权,20k-40k,北京,1号线_永安里;1号线_国贸;6号线_呼家楼;6号线_东大桥;10号线_呼家楼;10号线_金台夕照;10号线_国贸,150-500人,B轮
东方国信,web前端开发工程师,本科,3-5年,,项目好，薪资高,15k-30k,北京,14号线东段_来广营;14号线东段_东湖渠,2000人以上,上市公司
慧享科技,高级web前端工程师,本科,5-10年,,五险一金，弹性工资，带薪年假，领导nice,20k-30k,北京,10号线_知春里;10号线_知春路;13号线_大钟寺;13号线_知春路,50-150人,A轮
北京八维研修学院,web前端,不限,3-5年,,五险一金，带薪年假，饭补，工龄等,15k-25k,北京,,2000人以上,未融资
魔力耳朵,web前端开发工程师,本科,3-5年,,"带薪年假,五险一金,年底双薪",20k-30k,北京,6号线_呼家楼;6号线_东大桥;10号线_农业展览馆;10号线_团结湖;10号线_呼家楼,50-150人,A轮
新东方教育行业研究院,Web前端工程师-H5,本科,3-5年,,"有大牛,发展好",15k-25k,北京,4号线大兴线_海淀黄庄;4号线大兴线_中关村;4号线大兴线_北京大学东门;10号线_苏州街;10号线_海淀黄庄;10号线_知春里,150-500人,B轮
小米,Web前端开发工程师,本科,3-5年,,"平台好,发展空间大",15k-25k,北京,13号线_上地,2000人以上,D轮及以上
iCourt,web前端工程师,本科,3-5年,,"扁平化管理,晋升空间大,美女如云,五星级正餐",20k-35k,北京,,50-150人,未融资
惠民网,高级web前端开发工程师,大专,5-10年,,五险一金、平台好、团队温馨、领导nice,15k-25k,北京,14号线东段_来广营;14号线东段_东湖渠,2000人以上,B轮
转转,高级web前端研发工程师,本科,3-5年,,"挑战&amp;成长,空间大,回报好,万亿潜力",20k-35k,北京,,500-2000人,A轮
万题库,web前端开发工程师（小程序方向）,不限,3-5年,,"周末双休,节日福利,五险一金,弹性时间",15k-30k,北京,4号线大兴线_魏公村;4号线大兴线_人民大学,150-500人,上市公司
今日头条,Web前端工程师-支付结算方向,本科,3-5年,,六险一金，弹性工作，免费三餐，租房补贴，扁平管理，职业大牛,25k-50k,北京,,500-2000人,C轮
小米,小米网-web前端开发工程师,本科,3-5年,,"期权,年终奖金,六险一金,食堂",18k-35k,北京,13号线_上地,2000人以上,D轮及以上
ASK,WEB前端开发,大专,3-5年,,"氛围好,领导好,福利好",15k-20k,北京,八通线_高碑店;八通线_传媒大学,150-500人,A轮
学堂在线,web前端开发工程师（雨课堂）,本科,5-10年,,"五险一金,生日会,弹性工时,团队氛围好",20k-30k,北京,4号线大兴线_北京大学东门;13号线_五道口;15号线_清华东路西口,150-500人,B轮
凤凰网,web前端,本科,3-5年,,七险一金 年底奖金 假期多多 各种补助,15k-30k,北京,15号线_望京东,2000人以上,上市公司
北京海顿中科技术有限公司,web前端工程师,本科,3-5年,,六险一金、工作居住证、餐补、团建,15k-25k,北京,,50-150人,未融资
转转,web前端研发工程师,本科,1-3年,,"挑战,空间大,回报好,万亿潜力",15k-25k,北京,,500-2000人,A轮
海马玩,web前端,大专,3-5年,,"平台好,前景好",15k-30k,北京,,150-500人,C轮
北京八维研修学院,web前端,大专,3-5年,,五险一金，带薪年假，绩效奖金,15k-25k,北京,13号线_上地,2000人以上,未融资
尚德机构,Web前端开发工程师,本科,3-5年,,全额五险一金、平台大、工作弹性,20k-40k,北京,14号线东段_来广营;14号线东段_东湖渠,2000人以上,B轮
丽兹行,Web前端工程师15K~25K/3年经验/二本学历,本科,3-5年,,"加班少,积累经验多,六险一金,假期多",15k-25k,北京,14号线东段_望京;14号线东段_阜通;14号线东段_望京南;15号线_望京东;15号线_望京,500-2000人,不需要融资
同方股份,WEB前端工程师,本科,3-5年,,"平台大,福利好,团队好",10k-20k,北京,13号线_五道口;15号线_六道口;15号线_清华东路西口,2000人以上,上市公司
春雨移动健康,web前端高级工程师,本科,3-5年,,"弹性工作时,团队氛围好,带薪年假,免费午餐",20k-40k,北京,15号线_六道口;15号线_清华东路西口,150-500人,C轮
阅客公司―唔哩,高级web前端开发工程师,本科,5-10年,,"六险一金,老板好,加班补贴,14薪",20k-35k,北京,10号线_三元桥;10号线_亮马桥;机场线_三元桥,50-150人,天使轮
陌陌,Web前端开发工程师,本科,3-5年,,团队优秀,15k-25k,北京,,500-2000人,上市公司
武汉佰钧成技术有限公司,HTML5/web前端-北京,本科,1-3年,,"弹性上班,六险一金,外企环境,带薪年假",8k-11k,北京,,2000人以上,不需要融资
尚德机构,Web前端工程师,本科,1-3年,,"五险一金,15薪,14天带薪",15k-30k,北京,14号线东段_来广营;14号线东段_东湖渠,2000人以上,B轮
滴滴出行,【滴滴社招】web前端研发工程师/架构师,本科,3-5年,,期权激励，六险一金，靠谱团队，各种MM,20k-40k,北京,,2000人以上,不需要融资
深思数盾,高级web前端开发工程师,本科,3-5年,,"高薪酬,福利待遇好,发展空间大",15k-25k,北京,16号线_西北旺,50-150人,不需要融资
好未来,培优总部-WEB前端开发工程师,本科,3-5年,,上市公司 重点项目 追求技术极致,15k-30k,北京,4号线大兴线_魏公村;4号线大兴线_人民大学;4号线大兴线_海淀黄庄;10号线_海淀黄庄;10号线_知春里,2000人以上,上市公司
洋钱罐,Web前端工程师,本科,1-3年,,"扁平化管理,技术大牛,午餐晚餐,不打卡",15k-30k,北京,6号线_呼家楼;6号线_东大桥;10号线_农业展览馆;10号线_团结湖;10号线_呼家楼;10号线_金台夕照,150-500人,不需要融资
斗鱼直播,高级web前端工程师,本科,3-5年,,"五险一金,扁平管理,技术前沿",18k-25k,北京,13号线_五道口;15号线_清华东路西口,500-2000人,C轮
国美金控,web前端,本科,3-5年,,14薪,15k-25k,北京,10号线_三元桥;10号线_亮马桥;机场线_三元桥,2000人以上,未融资
联想集团,Web前端高级开发工程师,本科,3-5年,,"超棒团队,弹性工作,完善福利,大平台",18k-35k,北京,13号线_西二旗;昌平线_西二旗,2000人以上,上市公司
百融金服,高级web前端工程师,本科,3-5年,,六险一金 弹性工作 福利补贴,15k-20k,北京,4号线大兴线_海淀黄庄;4号线大兴线_中关村;4号线大兴线_北京大学东门;10号线_海淀黄庄;10号线_知春里;10号线_知春路;13号线_知春路;13号线_五道口,150-500人,B轮
一起作业网,web前端开发工程师,本科,1年以下,,战略项目,15k-30k,北京,14号线东段_望京;15号线_望京东;15号线_望京,500-2000人,D轮及以上
北京联合倍全电子商务有限公司,高级web前端,本科,3-5年,,领导是技术大咖/各种福利/双休/氛围好,18k-25k,北京,14号线东段_将台,500-2000人,不需要融资
销售易,web前端工程师,本科,3-5年,,周末双休 五险一金 年底双薪 发展空间大,20k-30k,北京,6号线_呼家楼;6号线_东大桥;10号线_团结湖;10号线_呼家楼;10号线_金台夕照,150-500人,D轮及以上
缤果盒子,web前端,本科,3-5年,,"重视晋升,IT精英,扁平管理,程序员氛围",10k-20k,北京,2号线_东四十条;2号线_朝阳门;5号线_灯市口;5号线_东四;6号线_朝阳门;6号线_东四,150-500人,A轮
腾跃校长在线,高级Web前端工程师,本科,3-5年,,"晋升空间大,技术项目多,弹性工作制,免费零食",20k-30k,北京,4号线大兴线_海淀黄庄;4号线大兴线_中关村;4号线大兴线_北京大学东门;10号线_苏州街;10号线_海淀黄庄,50-150人,A轮
美图公司,高级Web前端开发工程师,本科,3-5年,,上市公司 创新电商 大牛导师,15k-25k,北京,,500-2000人,上市公司
什么值得买,高级web前端工程师,本科,3-5年,,"弹性时间,定期团建,六险一金",20k-35k,北京,,150-500人,A轮
尚德机构,WEB前端工程师,不限,3-5年,,独角兽，五险一金全额,20k-40k,北京,14号线东段_来广营;14号线东段_东湖渠,2000人以上,B轮
洋钱罐,高级Web前端工程师,本科,3-5年,,"十四薪,六险一金,弹性工作制,午餐晚餐",20k-35k,北京,6号线_呼家楼;6号线_东大桥;10号线_农业展览馆;10号线_团结湖;10号线_呼家楼;10号线_金台夕照,150-500人,不需要融资
瓜子二手车直卖网,高级Web前端,本科,3-5年,,公共组 前沿技术调研 弹性工时,20k-30k,北京,,2000人以上,B轮
腾讯,高级软件工程师-Web前端开发,本科,3-5年,,腾讯福利你懂的,15k-25k,北京,10号线_知春里;10号线_知春路;10号线_西土城;13号线_大钟寺;13号线_知春路,2000人以上,上市公司
Udesk－企业级智能客服平台,资深web前端/技术经理,本科,5-10年,,"技术牛,快速发展,扁平管理,晋升空间大",20k-35k,北京,2号线_车公庄;2号线_西直门;4号线大兴线_平安里;4号线大兴线_新街口;4号线大兴线_西直门;6号线_平安里;6号线_车公庄;6号线_车公庄西,150-500人,B轮
北京瑞友,web前端开发工程师。,大专,3-5年,,"平台好,大咖多,周末双休,加班少",14k-18k,北京,2号线_阜成门;2号线_车公庄;4号线大兴线_西四;6号线_车公庄;6号线_车公庄西,2000人以上,上市公司
纷享销客,WEB前端开发工程师,本科,3-5年,,"行业独角兽,技术氛围好,成长空间大",20k-35k,北京,4号线大兴线_人民大学;4号线大兴线_海淀黄庄;10号线_海淀黄庄;10号线_知春里;10号线_知春路;13号线_知春路,500-2000人,D轮及以上
美团点评,高级Web前端工程师/专家,本科,3-5年,,技术大牛,25k-45k,北京,15号线_望京东,2000人以上,D轮及以上
数美,Web前端,本科,应届毕业生,,"源码研发,大牛如云,技术氛围,大佬领投",15k-30k,北京,14号线东段_来广营;14号线东段_东湖渠,150-500人,B轮
艺龙旅行网,web前端开发工程师-国内酒店,本科,3-5年,,核心业务线 技术氛围好,18k-26k,北京,14号线东段_望京南;14号线东段_将台,2000人以上,上市公司
信雅达,web前端,本科,3-5年,,"五险一金,带薪年假,餐补,节假日福利",6k-12k,北京,2号线_东直门;2号线_东四十条;2号线_朝阳门;6号线_朝阳门;13号线_东直门;机场线_东直门,2000人以上,上市公司
首证投顾,高级Web前端开发工程师,本科,5-10年,,"五险一金,全勤奖,带薪年假,节日福利",15K-25K,北京,10号线_宋家庄;10号线_石榴庄,500-2000人,不需要融资
ofo,web前端工程师,本科,3-5年,,北大创业团队邀你一起改变出行方式,20k-40k,北京,4号线大兴线_海淀黄庄;4号线大兴线_中关村;4号线大兴线_北京大学东门;10号线_苏州街;10号线_海淀黄庄,2000人以上,D轮及以上
鲸准,web前端开发工程师,本科,3-5年,,年底双薪,15k-25k,北京,10号线_车道沟;10号线_长春桥;10号线_火器营,150-500人,D轮及以上
尚德机构,高级web前端工程师,本科,3-5年,,"发展空间,准上市公司,技术大牛",20k-30k,北京,,2000人以上,B轮
今日头条,资深web前端研发工程师-IM方向,本科,3-5年,,六险一金，高薪期权，弹性工作，免费三餐，租房补贴，休闲下午茶，扁平管理，团队氛围好，优厚薪资,25k-50k,北京,,500-2000人,C轮
玖富集团,web前端工程师,本科,3-5年,,核心团队、年底奖金、工作居住证,15k-25k,北京,14号线东段_望京;14号线东段_阜通;14号线东段_望京南;15号线_望京东;15号线_望京,2000人以上,C轮
洋钱罐,Web前端工程师,本科,1-3年,,"扁平化管理,技术大牛,午餐晚餐,不打卡",15k-30k,北京,6号线_呼家楼;6号线_东大桥;10号线_农业展览馆;10号线_团结湖;10号线_呼家楼;10号线_金台夕照,150-500人,不需要融资
第一视频,web前端开发,本科,3-5年,,"五险一金,绩效奖金,带薪年假,餐补",13k-25k,北京,15号线_望京东,150-500人,上市公司
龙猫数据,web前端,本科,3-5年,,不打卡，扁平管理，免费健身，年底双薪,25k-35k,北京,10号线_知春路;10号线_西土城;13号线_大钟寺;13号线_知春路,15-50人,A轮
跟谁学,web前端,本科,5-10年,,六险一金，年终奖金，8天带薪年假,20k-35k,北京,,500-2000人,A轮
作业盒子,高级web前端工程师,本科,3-5年,,"五险一金,年度旅游,年终多薪,餐补交通补",20k-40k,北京,14号线东段_望京;14号线东段_阜通;14号线东段_望京南;15号线_望京东;15号线_望京,150-500人,C轮
学堂在线,web前端开发工程师,本科,3-5年,,股票期权，五险一金，交补餐补，零食水果,15k-25k,北京,4号线大兴线_北京大学东门;13号线_五道口;15号线_清华东路西口,150-500人,B轮
金风科技,17年研发-Web前端开发工程师J12025,本科,5-10年,,"培训,平台,发展,福利",16k-32k,北京,,2000人以上,上市公司
搜狐媒体,搜狐媒体-集团商业部-Web前端开发工程师,本科,1-3年,,一年15天年假，弹性工作时间，文化灵活,15k-25k,北京,4号线大兴线_海淀黄庄;4号线大兴线_中关村;4号线大兴线_北京大学东门;10号线_海淀黄庄;10号线_知春里;10号线_知春路;13号线_知春路;13号线_五道口,2000人以上,上市公司
会小二网,高级web前端工程师,本科,5-10年,,"13薪,零食水果,股票期权,学习型团队",15k-30k,北京,6号线_青年路;6号线_十里堡,150-500人,B轮
新智超脑,WEB前端开发工程师,本科,3-5年,,牛人云集、前沿行业,15k-25k,北京,15号线_望京东,500-2000人,不需要融资
四维图新,Web前端开发工程师,本科,3-5年,,五险一金 额外商业保险 员工旅游 带薪年假,10k-20k,北京,16号线_永丰;16号线_永丰南,2000人以上,上市公司
便利蜂,web前端工程师,本科,3-5年,,新零售,15k-30k,北京,14号线东段_望京南;14号线东段_将台,2000人以上,不需要融资
今日头条,web前端高级工程师,本科,1-3年,,弹性工作，免费三餐，租房补贴,25k-50k,北京,4号线大兴线_人民大学;4号线大兴线_海淀黄庄;10号线_海淀黄庄;10号线_知春里;10号线_知春路;13号线_大钟寺;13号线_知春路,500-2000人,C轮
腾跃校长在线,高级web前端工程师,本科,3-5年,,"五险一金,免费午餐,免费零食,晋升空间",20k-30k,北京,4号线大兴线_海淀黄庄;4号线大兴线_中关村;4号线大兴线_北京大学东门;10号线_苏州街;10号线_海淀黄庄,50-150人,A轮
盈科旅游,WEB前端,本科,3-5年,,"免费午餐,电脑补贴",15K-30K,北京,1号线_四惠;7号线_百子湾;7号线_大郊亭;7号线_九龙山;14号线东段_九龙山,500-2000人,B轮
慧聪网,WEB前端开发,本科,3-5年,,互联网,20k-30k,北京,,2000人以上,上市公司
安易信,Web前端工程师,本科,3-5年,,"职业前景好,互联网平台,大数据AI,年底双薪",15k-30k,北京,10号线_知春路;10号线_西土城;13号线_大钟寺;13号线_知春路,50-150人,上市公司
薪人薪事,web前端高级研发工程师,本科,3-5年,,技术导向；大牛云集；发展空间大,20k-30k,北京,14号线东段_来广营;14号线东段_东湖渠,50-150人,B轮
新东方在线,Web前端开发工程师,本科,3-5年,,互联网教育,15k-25k,北京,4号线大兴线_海淀黄庄;4号线大兴线_中关村;4号线大兴线_北京大学东门;10号线_苏州街;10号线_海淀黄庄;10号线_知春里,500-2000人,不需要融资
中化能源互联网科技,高级Web前端开发工程师,本科,5-10年,,"充分授权,目标导向,管理简化,体制创新",15k-30k,北京,4号线大兴线_海淀黄庄;4号线大兴线_中关村;4号线大兴线_北京大学东门;10号线_苏州街;10号线_海淀黄庄,2000人以上,不需要融资
医渡云,高级web前端开发工程师,本科,3-5年,,"七险一金,租房补助,免费三餐,节假日福利",20k-40k,北京,10号线_西土城;10号线_牡丹园;10号线_健德门,150-500人,B轮
瓜子二手车直卖网,高级web前端工程师,本科,3-5年,,期权、双休、不打卡,17k-34k,北京,13号线_西二旗;昌平线_西二旗,2000人以上,B轮
人人网,web前端高级开发工程师,本科,5-10年,,上市公司 互联网金融 六险一金 弹性工作,15k-30k,北京,14号线东段_将台,2000人以上,上市公司
云势软件,web前端工程师,本科,3-5年,,"企业软件,外企环境,五险一金,简单自主",15k-25k,北京,6号线_呼家楼;6号线_东大桥;10号线_农业展览馆;10号线_团结湖;10号线_呼家楼,50-150人,A轮
知网,Web前端高级研发工程师,本科,3-5年,,项目奖金、五险一金、公司宿舍、班车,10k-20k,北京,8号线_永泰庄;8号线_西小口,2000人以上,上市公司
12链,高级web前端开发工程师,大专,3-5年,,"年终奖,分红,欧洲游,期权",15k-20k,北京,14号线东段_望京;14号线东段_阜通;14号线东段_望京南;15号线_望京东;15号线_望京,15-50人,天使轮
iCourt,web前端工程师,本科,3-5年,,"五星级正餐,饮料零食,健身房,丰厚薪酬",20k-30k,北京,1号线_四惠;1号线_四惠东;八通线_四惠东,50-150人,未融资
美团点评,高级Web前端工程师-无人车,本科,3-5年,,技术大牛,20k-35k,北京,15号线_望京东,2000人以上,D轮及以上
火舞游戏,高级Web前端工程师,大专,3-5年,,"领导nic,环境优美,年底双薪,各种补助",15k-25k,北京,1号线_四惠东;八通线_四惠东;八通线_高碑店,15-50人,不需要融资
学霸君,高级Web前端工程师,本科,3-5年,,福利待遇好 发展空间大,25k-50k,北京,14号线东段_望京;14号线东段_阜通;14号线东段_望京南;15号线_望京东;15号线_望京,150-500人,C轮
小米,web前端工程师,本科,5-10年,,"大平台,大牛团队,班车,饭补",20k-35k,北京,13号线_上地,2000人以上,D轮及以上
人人行(借贷宝),Web前端,本科,不限,,下载量最大，最具潜力互联网金融产品,15k-30k,北京,1号线_复兴门;2号线_复兴门;2号线_阜成门;2号线_车公庄;4号线大兴线_灵境胡同;4号线大兴线_西四;6号线_车公庄,2000人以上,C轮
春雨移动健康,web前端,本科,不限,,五险一金，绩效奖金，带薪年假，弹性工作~,15k-30k,北京,15号线_六道口;15号线_清华东路西口,150-500人,C轮
尚德机构,高级前端web开发工程师,不限,3-5年,,"五险一金,带薪年假,快速晋升",20k-40k,北京,,2000人以上,B轮
Udesk－企业级智能客服平台,高级web前端工程师,本科,5-10年,,"技术牛,快速发展,扁平管理,晋升空间大",20k-40k,北京,2号线_车公庄;2号线_西直门;4号线大兴线_平安里;4号线大兴线_新街口;4号线大兴线_西直门;6号线_平安里;6号线_车公庄;6号线_车公庄西,150-500人,B轮
作业帮,web前端研发工程师,本科,3-5年,,"行业领导者,技术氛围好",15k-30k,北京,13号线_西二旗;昌平线_西二旗,500-2000人,C轮
拉勾网,前端工程师,本科,3-5年,,足够的技术挑战和广阔的成长空间,15k-30k,北京,4号线大兴线_海淀黄庄;4号线大兴线_中关村;4号线大兴线_北京大学东门;10号线_苏州街;10号线_海淀黄庄,500-2000人,D轮及以上
BlingABC,Web 前端开发工程师,本科,3-5年,,"前景好,新东方,弹性时间,发展快",15k-25k,北京,4号线大兴线_海淀黄庄;4号线大兴线_中关村;10号线_苏州街;10号线_海淀黄庄,15-50人,不需要融资
凤凰网,web前端,本科,不限,,薪资高 福利好 不拘于工作年限 有料你就来,15k-25k,北京,15号线_望京东,2000人以上,上市公司
百度外卖,高级Web前端研发工程师,本科,3-5年,,发展空间大 晋升机会多 薪资丰厚期权计划足,25k-40k,北京,13号线_上地,2000人以上,不需要融资
惠普,web前端,本科,3-5年,,五险一金,11k-13k,北京,13号线_西二旗;昌平线_西二旗,2000人以上,上市公司
北森云计算,高级web前端开发工程师,本科,5-10年,,14薪起 弹性工作制 八险一金,13k-25k,北京,13号线_上地,500-2000人,上市公司
美团点评,急急急-核心团队-web前端开发,本科,1-3年,,"重点业务,发展空间大,核心团队",15k-30k,北京,14号线东段_望京;14号线东段_阜通;14号线东段_望京南;15号线_望京东;15号线_望京,2000人以上,D轮及以上
好未来,AI Lab-Web前端工程师-WebGL,本科,3-5年,,"纽交所上市,在线教育,核心产研,AI项目",18k-36k,北京,4号线大兴线_人民大学;4号线大兴线_海淀黄庄;4号线大兴线_中关村;10号线_苏州街;10号线_海淀黄庄;10号线_知春里,2000人以上,上市公司
赢时胜软件,Web前端开发工程师,本科,3-5年,,"带薪年假,内部培训,员工旅游,加班补助",10k-20k,北京,,500-2000人,上市公司
海外网,WEB前端开发工程师,本科,3-5年,,"五险一金,商业保险,带薪年假,防暑降温费",8k-12k,北京,1号线_国贸;1号线_大望路;6号线_金台路;6号线_呼家楼;10号线_呼家楼;10号线_金台夕照;10号线_国贸;14号线东段_金台路;14号线东段_大望路,150-500人,不需要融资
新智超脑,web前端开发工程师,本科,3-5年,,"牛人云集,福利好,不打卡,五险一金",15k-25k,北京,15号线_望京东,500-2000人,不需要融资
红上金融,WEB前端开发工程师,本科,3-5年,,"领导好,上升空间大,年底双薪",10k-20k,北京,1号线_天安门东;1号线_王府井;1号线_东单;2号线_北京站;2号线_崇文门;5号线_崇文门;5号线_东单;5号线_灯市口,2000人以上,不需要融资
mobike摩拜单车,web前端开发工程师,本科,3-5年,,"引领行业,期权激励,快速成长,技术大牛",15k-30k,北京,10号线_亮马桥;10号线_农业展览馆;14号线东段_枣营,150-500人,D轮及以上
福佑卡车,web前端开发工程师,本科,3-5年,,"七险一金,股票期权,年底双薪,节日福利等",18k-25k,北京,4号线大兴线_人民大学;4号线大兴线_海淀黄庄;4号线大兴线_中关村;10号线_苏州街;10号线_海淀黄庄;10号线_知春里,150-500人,C轮
START,Web前端开发leader,本科,不限,,"六险一金,年底双薪",20k-40k,北京,1号线_东单;1号线_建国门;1号线_永安里;2号线_建国门;2号线_北京站;2号线_崇文门;5号线_崇文门;5号线_东单;7号线_广渠门内,500-2000人,C轮
百度,Web前端研发工程师,本科,1-3年,,"周技术分享,百度问答,10点上班,周末双休",20K-35K,北京,16号线_西北旺;16号线_马连洼,2000人以上,不需要融资
百度外卖,Web前端高级研发工程师,本科,3-5年,,发展空间大 晋升机会多 薪资丰厚期权计划足,25k-45k,北京,13号线_上地,2000人以上,不需要融资
蚂蚁金服集团,Web前端开发工程师-智能云平台-P7-阿里云,本科,3-5年,,"顶尖的团队,阿里云AI,技术前言,大牛云集",25k-50k,北京,15号线_望京东,2000人以上,B轮
京东集团,网站前端开发,本科,1-3年,,"京东云,最多5个字,最多5个字,最多5个字",15k-30k,北京,8号线_奥林匹克公园;8号线_森林公园南门;15号线_奥林匹克公园,2000人以上,上市公司
翼鸥教育,web前端开发工程师（诚邀3年以上前端经验）,本科,3-5年,,福利好,10k-20k,北京,10号线_知春里;10号线_知春路;13号线_知春路,50-150人,B轮
尚德机构,web前端工程师,本科,3-5年,,所有技术岗位都是大牛,20K-40K,北京,14号线东段_来广营;14号线东段_东湖渠,2000人以上,D轮及以上
美团点评,钱包业务-web前端开发工程师,本科,3-5年,,"核心部门,平台大,待遇优,发展空间大",15k-30k,北京,15号线_望京东,2000人以上,D轮及以上
瓜子二手车直卖网,高级/资深web前端工程师,本科,5-10年,,期权、双休。不打卡,25k-42k,北京,13号线_西二旗;昌平线_西二旗,2000人以上,B轮
飞驰镁物,H5/web前端开发工程师,不限,3-5年,,五险一金 年底双薪 弹性工作制,15k-25k,北京,7号线_化工;7号线_百子湾,50-150人,A轮
Gridsum 国双,web前端开发工程师,本科,3-5年,,六险一金、弹性工作、奖金丰厚、技术牛人多,15k-30k,北京,4号线大兴线_人民大学;4号线大兴线_海淀黄庄;10号线_海淀黄庄;10号线_知春里;10号线_知春路;13号线_知春路,500-2000人,上市公司
时趣social-touch,高级WEB前端开发工程师,不限,3-5年,,试用期全薪 弹性工作 带薪休假 免费咖啡,15k-25k,北京,1号线_四惠;7号线_百子湾;7号线_大郊亭,500-2000人,D轮及以上
考满分,高级Web前端工程师-北京-00183,本科,3-5年,,免费三餐、各路大牛、逗比团队、零食饮料,18k-28k,北京,5号线_惠新西街北口;15号线_关庄,150-500人,不需要融资
基理科技,高级Web前端开发工程师（北京望京）,本科,3-5年,,"扁平化管理,发展机会多,优秀导师,公司上升期",12k-18k,北京,14号线东段_东湖渠;14号线东段_望京;14号线东段_阜通;15号线_望京东;15号线_望京,50-150人,A轮
对啊网,高级WEB前端工程师,大专,5-10年,,"年终多薪,六险一金,大牛带队,晋升空间大",15k-20k,北京,亦庄线_经海路,500-2000人,C轮
房乾科技,高级web前端工程师,本科,5-10年,,"福利好,待遇好,领导好,环境好",15k-20k,北京,,50-150人,A轮
东方国信,WEB 前端工程师,本科,5-10年,,大数据 数据可视化 近地铁,15k-30k,北京,14号线东段_来广营;14号线东段_东湖渠,2000人以上,上市公司
PPTV聚力,WEB前端高级开发工程师（龙珠）,大专,3-5年,,五险一金 补贴 与网红近距离接触,15k-25k,北京,16号线_永丰;16号线_永丰南,500-2000人,D轮及以上
DataHunter,高级web前端开发,本科,5-10年,,"13薪,不打卡,项目奖金,丰富团建",18k-36k,北京,10号线_知春里;10号线_知春路;13号线_知春路;13号线_五道口,15-50人,天使轮
汽车之家,web前端开发,本科,3-5年,,"上市公司,五险一金,福利好",20k-30k,北京,,2000人以上,上市公司
一起作业网,web前端开发工程师（中学业务）,本科,1-3年,,主力产品,15k-30k,北京,14号线东段_望京;15号线_望京东;15号线_望京,500-2000人,D轮及以上
最右,高级web前端开发工程师,本科,3-5年,,"五险一金,年底双薪,餐补,房补",25k-40k,北京,10号线_西土城;10号线_牡丹园;10号线_健德门,50-150人,B轮
房乾科技,高级web前端开发,本科,5-10年,,"福利好,环境好,领导优秀,氛围轻松",15k-20k,北京,13号线_西二旗;昌平线_西二旗,50-150人,A轮
中网数据,web前端开发工程师,本科,3-5年,,"六险一金,弹性工作制,十三薪,工作氛围好",10k-20k,北京,16号线_永丰;16号线_永丰南,50-150人,B轮
VIPKID,web前端技术专家,本科,5-10年,,"无限零食,扁平管理,六险一金,活动多",30k-55k,北京,2号线_鼓楼大街;2号线_安定门;6号线_南锣鼓巷;6号线_北海北;8号线_什刹海;8号线_鼓楼大街;8号线_安德里北街,2000人以上,D轮及以上
美味生活,高级web前端开发工程师,本科,3-5年,,"五险一金,双休",15k-30k,北京,4号线大兴线_海淀黄庄;4号线大兴线_中关村;4号线大兴线_北京大学东门;10号线_苏州街;10号线_海淀黄庄;10号线_知春里,500-2000人,A轮
用友政务,Web前端开发工程师,本科,3-5年,,"五险一金,绩效奖金,免费班车,免费体检",10k-20k,北京,16号线_永丰;16号线_永丰南,500-2000人,上市公司
用友,WEB前端开发工程师,本科,3-5年,,"餐补,班车,奖金,弹性工作",10k-20k,北京,16号线_永丰;16号线_永丰南,2000人以上,上市公司
美团点评,高级Web前端工程师/专家,大专,3-5年,,"自动驾驶,机器人,前沿挑战,复杂场景",25k-50k,北京,,2000人以上,D轮及以上
原始会投资,"web前端工程师，angular,react",本科,不限,,"福利待遇好,提升空间大,金融热门,高速发展",15k-30k,北京,10号线_三元桥;10号线_亮马桥;机场线_三元桥,50-150人,不需要融资
最右,web前端主管,本科,3-5年,,"成长空间大,大牛云集,高薪高股,不打卡",30k-50k,北京,10号线_西土城;10号线_牡丹园;10号线_健德门,50-150人,B轮
对啊网,WEB前端高级工程师,大专,5-10年,,"年终多薪,六险一金,晋升空间大,大牛带队",15k-20k,北京,亦庄线_经海路,500-2000人,C轮
瓜子二手车直卖网,WEB前端高级工程师,本科,3-5年,,一线互联网公司薪资+全年最高19薪+不打卡,20k-40k,北京,13号线_西二旗;昌平线_西二旗,2000人以上,B轮
小狗机器人,Web前端工程师,本科,1年以下,,"弹性工作,资金充足",15k-30k,北京,1号线_建国门;1号线_永安里;2号线_朝阳门;2号线_建国门;6号线_东大桥;6号线_朝阳门,15-50人,不需要融资
今日头条,web前端高级工程师,本科,1-3年,,六险一金，免费三餐，租房补贴,20k-40k,北京,4号线大兴线_人民大学;4号线大兴线_海淀黄庄;10号线_海淀黄庄;10号线_知春里;10号线_知春路;13号线_大钟寺;13号线_知春路,500-2000人,C轮
阿里巴巴―高德,web前端高级研发工程师,不限,3-5年,,职级open：6-8 薪资根据职级定 阿里标准,20k-40k,北京,14号线东段_望京;14号线东段_阜通;14号线东段_望京南;15号线_望京,2000人以上,上市公司
长亭科技,web前端开发工程师,本科,不限,,工作餐、年底多薪、无限零食饮料、年度旅游,13k-26k,北京,15号线_六道口;15号线_清华东路西口,50-150人,A轮
今日头条,web前端高级工程师-数据平台方向,本科,1-3年,,六险一金，免费三餐，租房补贴,25k-50k,北京,4号线大兴线_人民大学;4号线大兴线_海淀黄庄;10号线_海淀黄庄;10号线_知春里;10号线_知春路;13号线_大钟寺;13号线_知春路,500-2000人,C轮
北京八维研修学院,web前端开发,大专,3-5年,,五险一金，校级考核,15K-20K,北京,13号线_西二旗;昌平线_西二旗,2000人以上,未融资
音王集团,Web前端,本科,3-5年,,"外资五百强,按摩座椅,下午茶歇,不加班",30k-50k,北京,10号线_车道沟;10号线_长春桥;10号线_火器营,500-2000人,天使轮
哈奇智能,Web前端工程师,本科,3-5年,,"五险一金,年节礼金,弹性工作,工会福利",10k-20k,北京,1号线_国贸;7号线_九龙山;7号线_广渠门外;10号线_国贸;10号线_双井;10号线_劲松;14号线东段_九龙山,50-150人,不需要融资
精彩互联,Web前端开发工程师,本科,3-5年,,周末双休,8k-10k,北京,八通线_高碑店,15-50人,天使轮
易顺百顺,web前端开发工程师,本科,1-3年,,"高成长,17薪+,团队和谐,福利好",15k-25k,北京,13号线_望京西;14号线东段_望京;14号线东段_阜通;15号线_望京;15号线_望京西,150-500人,不需要融资
推想科技,web前端,本科,1-3年,,"弹性不打卡,福利多多,团队大牛,14薪",18k-36k,北京,4号线大兴线_海淀黄庄;4号线大兴线_中关村;4号线大兴线_北京大学东门;10号线_苏州街;10号线_海淀黄庄,50-150人,B轮
360,web前端开发工程师,本科,3-5年,,免费三餐，下午茶，年底双薪，带薪年假,20k-35k,北京,14号线东段_望京南;14号线东段_将台,2000人以上,上市公司
百度外卖,web前端开发工程师,本科,3-5年,,"前端,全职， 内推！",14k-25k,北京,13号线_上地,2000人以上,不需要融资
SmartX,Web 前端工程师,本科,3-5年,,"高速发展,持续期权,弹性工作",15k-30k,北京,4号线大兴线_人民大学;4号线大兴线_海淀黄庄;4号线大兴线_中关村;10号线_海淀黄庄;10号线_知春里;10号线_知春路;13号线_知春路,50-150人,B轮
搜狗,搜狗网址导航-高级web前端开发工程师,本科,3-5年,,技术氛围浓厚、前沿技术水平,25k-35k,北京,4号线大兴线_北京大学东门;13号线_五道口;15号线_清华东路西口,2000人以上,C轮
美图公司,Web前端开发经理,不限,5-10年,,上市公司 创新电商 流量支持,25k-35k,北京,,500-2000人,上市公司
屏芯科技,WEB前端开发工程师,本科,3-5年,,新框架新技术、团队氛围好,15k-30k,北京,4号线大兴线_北京大学东门;13号线_五道口;15号线_清华东路西口,150-500人,B轮
好未来,培优总部-web前端高级开发工程师,本科,3-5年,,上市公司、五险一金、发展空间大,15k-30k,北京,4号线大兴线_魏公村;4号线大兴线_人民大学;4号线大兴线_海淀黄庄;10号线_海淀黄庄;10号线_知春里,2000人以上,上市公司
环球漫游,web前端工程师,大专,3-5年,,免费午餐 五险一金 晋升空间,10k-15k,北京,14号线东段_来广营;14号线东段_东湖渠;14号线东段_望京;15号线_望京东;15号线_望京,500-2000人,不需要融资
今日头条,Web前端开发（高级）工程师,本科,1-3年,,六险一金，弹性工作，免费三餐，租房补贴，休闲下午茶，扁平管理，过亿用户，晋升空间，团队氛围好,20k-40k,北京,4号线大兴线_人民大学;4号线大兴线_海淀黄庄;10号线_海淀黄庄;10号线_知春里;10号线_知春路;13号线_大钟寺;13号线_知春路,500-2000人,C轮
新智超脑,web前端,本科,3-5年,,"文化氛围好,福利待遇好,弹性工作",15k-25k,北京,15号线_望京东,500-2000人,不需要融资
网易,web 前端开发工程师- 网易财经APP,本科,3-5年,,"技术赞,带薪休假,管饭,平台好",10k-20k,北京,,2000人以上,上市公司
懒投资,Web前端开发工程师,本科,1-3年,,"七险一金,旅游基金,弹性办公,年终分红",15k-30k,北京,6号线_呼家楼;6号线_东大桥;10号线_农业展览馆;10号线_团结湖;10号线_呼家楼,150-500人,A轮
汇桔网,高级web前端开发工程师（北京）,本科,3-5年,,朝阳行业；待遇从优；五险一金；股票期权,15k-25k,北京,4号线大兴线_国家图书馆;4号线大兴线_魏公村;9号线_国家图书馆,2000人以上,B轮
光宇游戏,web前端开发工程师,大专,3-5年,,"绩效奖金,年度旅游,五险一金,节日礼物,",8k-15k,北京,,2000人以上,上市公司
明略数据,web前端工程师,大专,3-5年,,"技术牛,发展快,福利好",15k-20k,北京,,150-500人,C轮
爱奇艺,web前端开发,本科,3-5年,,老板美好 团队友好 技术控天堂,15k-25k,北京,4号线大兴线_海淀黄庄;4号线大兴线_中关村;4号线大兴线_北京大学东门;10号线_苏州街;10号线_海淀黄庄,2000人以上,D轮及以上
尚德机构,web前端工程师,本科,3-5年,,15薪 即将上市 发展空间大,20k-35k,北京,14号线东段_来广营;14号线东段_东湖渠,2000人以上,B轮
现在支付,资深网站前端工程师,本科,3-5年,,五险一金+补充医疗、带薪年假、年度旅游,20k-40k,北京,2号线_车公庄;2号线_西直门;4号线大兴线_西直门;4号线大兴线_动物园;4号线大兴线_国家图书馆;6号线_车公庄;6号线_车公庄西;6号线_白石桥南;9号线_白石桥南;9号线_国家图书馆,150-500人,上市公司
盈泰财富云,高级 Web 前端研发工程师,不限,3-5年,,"奖金丰厚,周末双休,团队成熟,专业共赢",20k-28k,北京,2号线_安定门;2号线_雍和宫;5号线_北新桥;5号线_雍和宫;5号线_和平里北街;13号线_柳芳,500-2000人,A轮
国美控股集团,web前端工程师,本科,3-5年,,平台大 发展好,15k-25k,北京,10号线_三元桥;10号线_亮马桥;机场线_三元桥,2000人以上,不需要融资
mobike摩拜单车,web前端/GIS开发工程师,本科,3-5年,,免费午晚餐,15k-30k,北京,10号线_亮马桥;10号线_农业展览馆;14号线东段_枣营,150-500人,D轮及以上
贝壳金控,web前端开发经理,本科,5-10年,,"双休,六险一金,车补餐补,工作居住证",35k-45k,北京,2号线_东四十条;2号线_朝阳门;6号线_东大桥;6号线_朝阳门,500-2000人,未融资
掌众金服,Web前端,大专,1-3年,,"技术氛围好,地铁周边,七险一金,团建多",15k-25k,北京,10号线_知春路;10号线_西土城;13号线_大钟寺;13号线_知春路,500-2000人,B轮
贝壳金控,web前端,本科,不限,,"双休,六险一金,车补餐补,工作居住证",15k-25k,北京,2号线_东四十条;2号线_朝阳门;6号线_东大桥;6号线_朝阳门,500-2000人,未融资
粉笔网,高级 Web 前端开发工程师,硕士,1-3年,,高薪,30k-60k,北京,6号线_呼家楼;6号线_东大桥;10号线_农业展览馆;10号线_团结湖;10号线_呼家楼,150-500人,不需要融资
迈外迪,高级Web前端工程师,不限,3-5年,,"项目有意思,公司有前景,领导好",15k-25k,北京,7号线_南楼梓庄;7号线_化工;7号线_百子湾,150-500人,D轮及以上
Nova科技,高级web前端工程师,本科,3-5年,,"年终奖丰厚,活动多样",20k-25k,北京,,500-2000人,未融资
妙计旅行,Web前端开发工程师,本科,不限,,提供三餐，办公环境好，全员配mac,10k-20k,北京,2号线_安定门;2号线_雍和宫;5号线_北新桥;5号线_雍和宫;5号线_和平里北街,150-500人,B轮
闪银奇异,Web 前端高级工程师/架构师,本科,3-5年,,"六险一金,补充医疗,福利年假,14薪起",20k-35k,北京,,500-2000人,C轮
科维睿创,Web前端开发工程师,大专,3-5年,,"老板好,福利全,发展大",15k-30k,北京,7号线_化工;7号线_百子湾;7号线_大郊亭,15-50人,未融资
世纪高通,web前端开发工程师,本科,1-3年,,"丰厚的奖金,全面的福利,优秀的团队,扁平化管理",6k-10k,北京,16号线_永丰;16号线_永丰南,150-500人,上市公司
云鸟科技,web 前端开发工程师,本科,1-3年,,web,15k-29k,北京,14号线东段_望京;14号线东段_阜通;14号线东段_望京南;15号线_望京,500-2000人,D轮及以上
百度,硬件生态渠道部-Web前端研发工程师,本科,3-5年,,"新部门,发展快速,智能硬件,WEB前端",15k-30k,北京,13号线_西二旗;昌平线_西二旗,2000人以上,不需要融资
9-A-M,大前端开发 工程师（web\Wx\AliPay）,本科,5-10年,,"前沿产品,MIT带队,成长空间大,待遇优厚",8k-15k,北京,4号线大兴线_海淀黄庄;4号线大兴线_中关村;4号线大兴线_北京大学东门;10号线_苏州街;10号线_海淀黄庄;10号线_知春里,15-50人,A轮
陌陌,web前端开发工程师（移动端）,本科,1-3年,,"完善的福利,竞争力薪酬,上升空间大,创意的产品",15k-30k,北京,,500-2000人,上市公司
智慧星光,高级web前端开发--数据可视化,本科,不限,,"行业火,提升快",15k-20k,北京,4号线大兴线_海淀黄庄;4号线大兴线_中关村;4号线大兴线_北京大学东门;10号线_苏州街;10号线_海淀黄庄,500-2000人,不需要融资
中软系统工程,WEB前端开发工程师,本科,3-5年,,"国企,五险一金,带薪年假",10k-15k,北京,,150-500人,不需要融资
慧聪网,WEB前端开发工程师,本科,3-5年,,互联网,15k-25k,北京,,2000人以上,上市公司
58到家,Web前端开发工程师（核心）,本科,3-5年,,核心团队，巨大发展空间，前景广阔,13k-25k,北京,5号线_北苑路北;5号线_立水桥南,2000人以上,A轮
艺龙旅行网,web前端开发工程师-国内酒店（框架组）,本科,3-5年,,核心业务线 移动用户产品 技术氛围好,18k-26k,北京,14号线东段_望京南;14号线东段_将台,2000人以上,上市公司
百信银行,web前端高级开发,本科,3-5年,,"创新高效,快乐融洽,团结务实,学习共享",25k-40k,北京,2号线_东直门;2号线_东四十条;2号线_朝阳门;5号线_张自忠路;6号线_朝阳门;13号线_东直门;机场线_东直门,150-500人,不需要融资
思源科技,Web前端研发工程师,本科,5-10年,,"公司氛围好,职位晋升快,发展空间大,扁平化管理",15k-30k,北京,13号线_望京西;14号线东段_望京;14号线东段_阜通;15号线_望京;15号线_望京西,2000人以上,不需要融资
搜狐视频,Web前端开发工程师,本科,3-5年,,上升空间大,15k-30k,北京,4号线大兴线_海淀黄庄;4号线大兴线_中关村;4号线大兴线_北京大学东门;10号线_海淀黄庄;10号线_知春里;10号线_知春路;13号线_知春路,500-2000人,上市公司
腾讯,新闻Web前端开发高级工程师,本科,3-5年,,鹅厂大平台，福利待遇优,15k-30k,北京,10号线_知春里;10号线_知春路;10号线_西土城;13号线_大钟寺;13号线_知春路,2000人以上,上市公司
IT桔子,web前端,本科,3-5年,,弹性工作 薪酬佳 福利多,15k-25k,北京,,15-50人,B轮
京东商城,前端web开发工程师,本科,3-5年,,"优秀院队,大平台,餐补,班车",15k-30k,北京,亦庄线_万源街;亦庄线_荣京东街,2000人以上,上市公司
棣南新宇,WEB前端高级开发工程师,本科,5-10年,,"创造,实实在在,价值",15k-20k,北京,4号线大兴线_人民大学;4号线大兴线_海淀黄庄;4号线大兴线_中关村;10号线_苏州街;10号线_海淀黄庄;10号线_知春里,50-150人,不需要融资
尚德机构,高级web前端工程师,本科,3-5年,,弹性工作 准上市公司 最前沿技术,25k-35k,北京,14号线东段_来广营;14号线东段_东湖渠,2000人以上,B轮
思享时代（北京）科技有限公司,web前端工程师-UI方向,本科,1-3年,,"六险一金,国内外旅行,水果下午茶,8天带薪假",10k-15k,北京,5号线_和平里北街;5号线_和平西桥;5号线_惠新西街南口;8号线_安华桥;10号线_安贞门;10号线_惠新西街南口,150-500人,不需要融资
我爱出行,WEB前端开发工程师,本科,3-5年,,"五险一金,弹性工作,定期体检,员工旅游",12k-22k,北京,14号线东段_来广营;14号线东段_东湖渠,500-2000人,不需要融资
微语言,web前段开发师,本科,3-5年,,"高薪,期权分配",15k-20k,北京,2号线_东直门;2号线_东四十条;6号线_东大桥;10号线_农业展览馆;10号线_团结湖;13号线_东直门;机场线_东直门,150-500人,A轮
微事博,web前端,本科,5-10年,,"合资企业,项目超前,发展稳固,员工成长快",20k-30k,北京,4号线大兴线_海淀黄庄;4号线大兴线_中关村;10号线_苏州街;10号线_海淀黄庄,15-50人,A轮
Momenta,Web 前端开发程师,本科,不限,,"扁平管理,弹性工作",15k-25k,北京,13号线_五道口;15号线_清华东路西口,50-150人,B轮
全球说 talkmate,高级web前端工程师,本科,3-5年,,"免费餐饮,五险一金,年终奖金",15k-25k,北京,6号线_呼家楼;6号线_东大桥;10号线_农业展览馆;10号线_团结湖;10号线_呼家楼,50-150人,A轮
MICO,web前端开发工程师,本科,3-5年,,"七险一金,季度奖金,年终奖,发展空间",15k-30k,北京,10号线_三元桥;10号线_亮马桥;机场线_三元桥,50-150人,A轮
微事博,Web前端开发,本科,5-10年,,"合资企业,项目超前,发展稳固,员工成长快",20k-30k,北京,4号线大兴线_海淀黄庄;4号线大兴线_中关村;10号线_苏州街;10号线_海淀黄庄,15-50人,A轮
百度外卖,web前端开发工程师,本科,1-3年,,期权 上市 O2O核心方向 百度技术氛围 热情,20k-40k,北京,13号线_上地,2000人以上,不需要融资
瓜子二手车直卖网,瓜子二手车-资深web前端工程师,本科,5-10年,,期权 双休 不打卡 15薪,25k-40k,北京,13号线_西二旗;昌平线_西二旗,2000人以上,B轮
百度,Web前端高级研发工程师,本科,3-5年,,"绩效,年终奖,平台,餐补",30k-40k,北京,13号线_西二旗;昌平线_西二旗,2000人以上,不需要融资
销售易,资深web前端工程师,本科,3-5年,,平台前景好 硅谷大牛 期权激励 周末双休,20k-35k,北京,6号线_呼家楼;6号线_东大桥;10号线_团结湖;10号线_呼家楼;10号线_金台夕照,150-500人,D轮及以上
天眼查,中级web前端工程师,本科,3-5年,,"五险一金,丰富团建,高新科技,大数据公司",15k-25k,北京,4号线大兴线_人民大学;4号线大兴线_海淀黄庄;10号线_海淀黄庄;10号线_知春里;10号线_知春路;13号线_知春路,50-150人,A轮
峥嵘时代科技,web前端开发,本科,5-10年,,"职业发展好,老板随和",10k-15k,北京,10号线_太阳宫;10号线_三元桥;机场线_三元桥,15-50人,不需要融资
动动,高级Web前端工程师,本科,3-5年,,"出国旅游,团队优秀,出海业务,弹性工作",20k-40k,北京,6号线_金台路;6号线_呼家楼;6号线_东大桥;10号线_团结湖;10号线_呼家楼;10号线_金台夕照;14号线东段_金台路,15-50人,B轮
联合创展,web前端开发工程师,本科,3-5年,,五险一金，年底双薪等等,20K-35K,北京,13号线_西二旗;昌平线_西二旗,50-150人,未融资
阿博茨科技,web前端负责人,本科,5-10年,,"公司前景好,扁平管理,股票期权,管理团队",25k-50k,北京,,50-150人,A轮
奇虎360金融,WEB前端工程师,本科,1-3年,,360度生活全方位福利、TOP3食堂、都是大咖,20k-30k,北京,14号线东段_望京南;14号线东段_将台,500-2000人,未融资
KuickDeal,web前端开发工程师,本科,3-5年,,"前沿产品,科技前沿,福利多多,技术驱动",15k-25k,北京,10号线_知春路;13号线_大钟寺;13号线_知春路,15-50人,A轮
卅思云,web前端开发工程师,本科,3-5年,,"五险一金,带薪年假,员工福利,通讯补助",15k-20k,北京,,150-500人,上市公司
百度外卖,web前端研发工程师,本科,1-3年,,"期权,上市机会,o2o核心",15k-30k,北京,13号线_上地,2000人以上,不需要融资
微事博,高级WEB前端开发工程师,本科,5-10年,,"合资企业,项目超前,发展稳固,员工成长快",20k-30k,北京,4号线大兴线_海淀黄庄;4号线大兴线_中关村;10号线_苏州街;10号线_海淀黄庄,15-50人,A轮
央广新媒体,web前端工程师,本科,3-5年,,"六险一金,年终奖金,团队年轻,年度体检",8k-15k,北京,,150-500人,不需要融资
百度,web前端高级研发工程师,本科,1-3年,,"五险一金,福利多,待遇好,平台大",15k-25k,北京,13号线_西二旗;昌平线_西二旗,2000人以上,不需要融资
敦煌网,web前端开发工程师,本科,1-3年,,弹性工作,10k-16k,北京,13号线_五道口;15号线_清华东路西口,500-2000人,D轮及以上
中化能源互联网科技,Web前端开发工程师（金融）,本科,3-5年,,"充分授权,管理简化,体制创新,目标导向",15k-25k,北京,4号线大兴线_海淀黄庄;4号线大兴线_中关村;4号线大兴线_北京大学东门;10号线_苏州街;10号线_海淀黄庄,2000人以上,不需要融资
百乘金控,web前端开发工程师,本科,1-3年,,"技术大牛,团建,发展前景",15k-25k,北京,8号线_奥林匹克公园;8号线_森林公园南门;15号线_奥林匹克公园,500-2000人,上市公司
多盟,前端开发工程师,本科,3-5年,,"年底双薪,绩效奖金,带薪年假,六险一金",15k-25k,北京,14号线东段_望京南,500-2000人,不需要融资
天创信用,web前端高级工程师,本科,3-5年,,"优厚的待遇,舒适的环境,强大的平台,晋升空间大",15k-23k,北京,7号线_九龙山;7号线_广渠门外;10号线_双井;10号线_劲松;14号线东段_九龙山,150-500人,A轮
比特大陆,Web前端开发工程师-北京-00426,本科,3-5年,,六险一金、弹性工作制、高额奖金,15k-30k,北京,8号线_林萃桥,150-500人,不需要融资
施耐德电气,Web前端工程师,本科,3-5年,,云计算，物联网，移动互联,15k-25k,北京,13号线_望京西;14号线东段_望京;14号线东段_阜通;15号线_望京;15号线_望京西,2000人以上,上市公司
搜狗,搜狗网址导航-web前端开发工程师,本科,1-3年,,技术氛围浓厚、前沿技术水平,20k-30k,北京,13号线_五道口;15号线_六道口;15号线_清华东路西口,2000人以上,C轮
圣特尔&middot;E店宝,WEB前端开发工程师（3年以上）,大专,3-5年,,好团队高薪酬及个性化的福利待遇,10k-20k,北京,5号线_北苑路北;5号线_立水桥南;13号线_北苑,150-500人,C轮
人人网,前端工程师,本科,1-3年,,"精英团队,海外项目",12k-20k,北京,14号线东段_将台,2000人以上,上市公司
美餐,web前端开发工程师,本科,3-5年,,"前端,全栈,geek",15k-30k,北京,6号线_白石桥南;6号线_花园桥;6号线_慈寿寺;9号线_白石桥南;10号线_慈寿寺,500-2000人,D轮及以上
百度,Web前端研发工程师,本科,3-5年,,下午茶,15K-30K,北京,13号线_西二旗;昌平线_西二旗,2000人以上,不需要融资
精真估,WEB前端工程师,本科,3-5年,,上升空间大,15k-20k,北京,,150-500人,C轮
小米,web前端,本科,3-5年,,"没有考勤,年终奖,股票期权,餐补",15k-30k,北京,13号线_上地,2000人以上,D轮及以上
同桌,高级Web前端工程师,本科,3-5年,,"高成长,高薪资",12k-20k,北京,14号线东段_来广营;14号线东段_东湖渠,15-50人,A轮
最右,高级web前端开发工程师,本科,3-5年,,"五险一金,年底双薪,不打卡,高薪高股",25k-40k,北京,10号线_西土城;10号线_牡丹园;10号线_健德门,50-150人,B轮
美篇,Web前端高级开发工程师,本科,3-5年,,"弹性工作,扁平管理,牛人多",15k-30k,北京,13号线_五道口;15号线_清华东路西口,50-150人,A轮
爱奇艺,web前端,本科,3-5年,,福利待遇好，发展前景不错呦,25k-40k,北京,4号线大兴线_海淀黄庄;4号线大兴线_中关村;4号线大兴线_北京大学东门;10号线_苏州街;10号线_海淀黄庄,2000人以上,D轮及以上
北京博宇,高级Web前端工程师,本科,5-10年,,"五险一金,包吃,环境待遇优,发展空间大",20k-30k,北京,1号线_大望路;1号线_四惠;14号线东段_大望路,50-150人,不需要融资
途游,web前端工程师,本科,3-5年,,"福利多多,年度体检,美女多多,丰厚奖金",10k-20k,北京,5号线_北苑路北;5号线_立水桥南,150-500人,B轮
美团点评,web高级前端工程师-平台业务,本科,3-5年,,"O2O,技术控",18k-35k,北京,15号线_望京东,2000人以上,D轮及以上
人民网科技,web前端开发工程师,本科,3-5年,,"项目丰富,超过大牛,技术提升",13k-24k,北京,1号线_国贸;1号线_大望路;6号线_金台路;6号线_呼家楼;10号线_呼家楼;10号线_金台夕照;10号线_国贸;14号线东段_金台路;14号线东段_大望路,150-500人,不需要融资
北京永安,web前端工程师,本科,3-5年,,五险一金，天天零食，国家高新，已启动上市,15k-25k,北京,4号线大兴线_国家图书馆;4号线大兴线_魏公村;9号线_国家图书馆,50-150人,未融资
广联达,web前端工程师,本科,3-5年,,"上市公司,氛围好,餐补,班车",15k-25k,北京,10号线_车道沟;10号线_长春桥;10号线_火器营,2000人以上,上市公司
阳光人寿,Web前端开发岗,本科,3-5年,,"弹性制上班,产品奖金,带薪假期,父母津贴",10k-20k,北京,8号线_北土城;10号线_牡丹园;10号线_健德门;10号线_北土城,500-2000人,不需要融资
好未来,培优总部-Web 前端工程师,本科,1-3年,,技术大牛多、发展空间大、福利健全,15k-20k,北京,4号线大兴线_魏公村;4号线大兴线_人民大学;4号线大兴线_海淀黄庄;10号线_海淀黄庄;10号线_知春里,2000人以上,上市公司
海云数据,中级web前端开发工程师,大专,3-5年,,行业大牛,10k-15k,北京,4号线大兴线_北京大学东门;13号线_五道口;15号线_清华东路西口,150-500人,B轮
北方智能,Web前端工程师,大专,3-5年,,"地铁周边,五险一金,午餐补助",15k-20k,北京,2号线_北京站;2号线_崇文门;5号线_天坛东门;5号线_磁器口;5号线_崇文门;7号线_广渠门内;7号线_磁器口,150-500人,上市公司
牛链科技,前端工程师,本科,1-3年,,"国际团队,高成长性,待遇丰厚,技术高端",10k-20k,北京,4号线大兴线_海淀黄庄;4号线大兴线_中关村;4号线大兴线_北京大学东门;10号线_苏州街;10号线_海淀黄庄,15-50人,天使轮
北大软件,Web前端工程师/数据可视化工程师(高级),本科,3-5年,,"五险一金,定期体检,交通补贴,带薪年假",15k-30k,北京,4号线大兴线_中关村;4号线大兴线_北京大学东门;10号线_苏州街,150-500人,未融资
51社保网,前端工程师,本科,3-5年,,"技术大咖,七险一金,地铁周边,弹性工作",10k-15k,北京,1号线_永安里;1号线_国贸;1号线_大望路;10号线_金台夕照;10号线_国贸;10号线_双井;14号线东段_大望路,500-2000人,C轮
购阿购,web前端,本科,3-5年,,五险一金,15k-25k,北京,14号线东段_来广营;14号线东段_东湖渠,150-500人,C轮
安力,web前端工程师,本科,3-5年,,"带薪年假,餐补,弹性工作时,公司旅游",30k-60k,北京,10号线_知春里;10号线_知春路;13号线_大钟寺;13号线_知春路,150-500人,未融资
京东,web前端开发工程师,本科,5-10年,,"免费班车,五险一金,节日福利,技术讲座",15k-30k,北京,亦庄线_万源街;亦庄线_荣京东街,2000人以上,上市公司
京东集团,web前端开发工程师,本科,5-10年,,"五险一金,免费班车,带薪年假,年底双薪",15k-30k,北京,8号线_奥林匹克公园;8号线_森林公园南门;15号线_奥林匹克公园,2000人以上,上市公司
汇联金科,前端开发工程师,本科,3-5年,,"弹性工作,互金行业,五险一金,节日福利",12k-18k,北京,,50-150人,A轮
迷你付,Web前端开发工程师,本科,3-5年,,晋升空间大、扁平化管理、弹性工作,12k-24k,北京,1号线_古城,15-50人,不需要融资
千锋教育,Web前端开发工程师,本科,1-3年,,"福利多多,俊男靓女",10k-15k,北京,8号线_永泰庄,500-2000人,A轮
云沃客,高级web前端开发工程师,本科,5-10年,,"餐饮补贴,绩效奖金,五险一金,弹性工作",20k-25k,北京,10号线_芍药居;10号线_太阳宫;10号线_三元桥;13号线_芍药居;13号线_光熙门;机场线_三元桥,150-500人,A轮
格道软件,web前端工程师,本科,3-5年,,公司氛围好 扁平化管理,12k-15k,北京,4号线大兴线_人民大学;4号线大兴线_海淀黄庄;4号线大兴线_中关村;10号线_苏州街;10号线_海淀黄庄,15-50人,未融资
美团点评,前端开发工程师,本科,5-10年,,六险一金,20k-30k,北京,15号线_望京东,2000人以上,D轮及以上
51社保网,前端工程师,本科,5-10年,,"技术大咖,地铁周边,弹性工作,七险一金",15k-25k,北京,1号线_永安里;1号线_国贸;1号线_大望路;10号线_金台夕照;10号线_国贸;10号线_双井;14号线东段_大望路,500-2000人,C轮
分享动力,高级web前端工程师,本科,5-10年,,五险一金超长年假出国游,25K-35K,北京,10号线_知春路;10号线_西土城;13号线_大钟寺;13号线_知春路,15-50人,未融资
和创大数据,Web前端开发工程师,本科,5-10年,,"五险一金,年终奖金,扁平管理",15k-20k,北京,8号线_奥体中心;8号线_奥林匹克公园;15号线_奥林匹克公园,50-150人,未融资
华迅嘉业科技,Web前端工程师,本科,3-5年,,"五险一金,双休,年底双薪",15k-25k,北京,4号线大兴线_人民大学;4号线大兴线_海淀黄庄;4号线大兴线_中关村;10号线_苏州街;10号线_海淀黄庄;10号线_知春里,150-500人,不需要融资
北京中铁信,高级web前端工程师,本科,3-5年,,待遇佳，平台好,15k-22k,北京,,50-150人,不需要融资
腾讯,web前端开发工程师（北京）,本科,3-5年,,腾讯福利你懂的,15k-30k,北京,10号线_知春里;10号线_知春路;10号线_西土城;13号线_大钟寺;13号线_知春路,2000人以上,上市公司
58到家,高级Web前端开发工程师（核心）,本科,3-5年,,"核心团队,巨大发展空,前景广阔",15k-30k,北京,5号线_北苑路北;5号线_立水桥南,2000人以上,A轮
微保,Web前端工程师,大专,3-5年,,"不打卡,免费零食",10k-15k,北京,亦庄线_亦庄文化园;亦庄线_万源街,15-50人,不需要融资
旭金科技,web前端工程师,本科,3-5年,,"节日礼品,年终奖,绩效奖金,免费午餐",15k-30k,北京,1号线_永安里;1号线_国贸;6号线_呼家楼;6号线_东大桥;10号线_呼家楼;10号线_金台夕照;10号线_国贸,150-500人,不需要融资
达内集团,web前端开发经理(002686),本科,3-5年,,上市企业 五险一金 试用期全薪,16k-20k,北京,,2000人以上,上市公司
闪银奇异,高级web前端工程师/架构,本科,5-10年,,"六险一金,免费自助餐,丰厚年终奖,技术大咖",20k-35k,北京,6号线_呼家楼;10号线_农业展览馆;10号线_团结湖;10号线_呼家楼;14号线东段_枣营;14号线东段_朝阳公园,500-2000人,C轮
百度外卖,web前端研发工程师,不限,不限,,"前沿,互联网",20k-40k,北京,13号线_上地,2000人以上,不需要融资
中科视拓,Web前端工程师,本科,不限,,"CEO带队,核心产品,涨薪快",13k-20k,北京,10号线_知春里;10号线_知春路;13号线_知春路;13号线_五道口,50-150人,A轮
好大夫在线,前端开发工程师,本科,3-5年,,"五险一金,工作居住证,年终奖,带薪年假",15k-25k,北京,1号线_四惠;1号线_四惠东;6号线_青年路;6号线_十里堡;八通线_四惠东,500-2000人,D轮及以上
海天网络,web前端工程师,大专,3-5年,,"大牛团队,14薪,六险一金",20k-40k,北京,4号线大兴线_人民大学;4号线大兴线_海淀黄庄;4号线大兴线_中关村;10号线_海淀黄庄;10号线_知春里;10号线_知春路;13号线_知春路,150-500人,C轮
海云数据,web前端开发工程师,本科,3-5年,,发展潜力大 行业大牛,10k-15k,北京,4号线大兴线_北京大学东门;13号线_五道口;15号线_清华东路西口,150-500人,B轮
瓜子二手车直卖网,资深web前端工程师,本科,3-5年,,六险一金，周末双休，上班不打卡~,20k-35k,北京,13号线_西二旗;昌平线_西二旗,2000人以上,B轮
阿希链,高级web前端工程师,本科,5-10年,,"远程办公,福利待遇好,领导很亲民",25k-45k,北京,6号线_呼家楼;6号线_东大桥;10号线_农业展览馆;10号线_团结湖;10号线_呼家楼,50-150人,未融资
销售易,高级web前端开发工程师（leader）,本科,5-10年,,外企 五险一金 年底双薪 每年两次调薪,25k-35k,北京,6号线_呼家楼;6号线_东大桥;10号线_团结湖;10号线_呼家楼;10号线_金台夕照,150-500人,D轮及以上
居然之家,WEB前端开发工程师,本科,3-5年,,行业巨头，从0到1，互联网+,15k-25k,北京,2号线_东直门;2号线_东四十条;5号线_张自忠路;5号线_北新桥;13号线_东直门;机场线_东直门,2000人以上,不需要融资
陌陌,资深Web前端开发工程师/架构师(移动端）,本科,3-5年,,"完善的福利,竞争力薪酬,技术氛围好,上升空间大",20k-40k,北京,,500-2000人,上市公司
学霸君,Web前端工程师,本科,3-5年,,福利待遇好 发展空间大,20k-40k,北京,14号线东段_望京;14号线东段_阜通;14号线东段_望京南;15号线_望京东;15号线_望京,150-500人,C轮
北森云计算,web前端开发工程师,本科,3-5年,,14-18薪 良好的技术框架 八险一金,9k-18k,北京,13号线_上地,500-2000人,上市公司
猿辅导,前端工程师,本科,1-3年,,业务发展稳健 快速成长路径 丰富的团队活动,20k-35k,北京,14号线东段_望京;14号线东段_阜通;14号线东段_望京南;15号线_望京,500-2000人,D轮及以上
极晨智道信息技术有限公司,web前端开发工程师,本科,3-5年,,"带薪年假,节日礼品,五险一金,多种补助",8k-16k,北京,4号线大兴线_人民大学;4号线大兴线_海淀黄庄;4号线大兴线_中关村;10号线_苏州街;10号线_海淀黄庄;10号线_知春里,150-500人,未融资
天广汇通,WEB前端开发,本科,5-10年,,"五险一金,补充医疗险,定期体检,餐补",10k-20k,北京,6号线_慈寿寺;10号线_慈寿寺;10号线_车道沟,50-150人,不需要融资
通恒科技,Web前端工程师,本科,5-10年,,"五险一金,双休,年底双薪,项目奖金",20k-30k,北京,2号线_安定门;2号线_雍和宫;2号线_东直门;5号线_北新桥;5号线_雍和宫;5号线_和平里北街;13号线_柳芳;13号线_东直门;机场线_东直门,50-150人,不需要融资
作业帮,WEB前端Leader,本科,3-5年,,前端负责人,22k-35k,北京,13号线_西二旗;昌平线_西二旗,500-2000人,C轮
阿里巴巴―高德,Web前端开发高级工程师/专家,本科,3-5年,,地图专家， 阿里平台， 年底双薪,20k-40k,北京,13号线_望京西;14号线东段_东湖渠;14号线东段_望京;14号线东段_阜通;15号线_望京;15号线_望京西,2000人以上,上市公司
北京中铁信,高级web前端工程师,本科,3-5年,,五险一金、福利好、弹性工作,9k-18k,北京,10号线_车道沟;10号线_长春桥,50-150人,不需要融资
销售易,web前端经理,本科,5-10年,,周末双休 五险一金 年底双薪 发展空间大,30k-50k,北京,6号线_呼家楼;6号线_东大桥;10号线_团结湖;10号线_呼家楼;10号线_金台夕照,150-500人,D轮及以上
国信慧丰,web前端开发,本科,3-5年,,"好领导,扁平化管理,新技术趋势,研究型团队",12k-18k,北京,13号线_上地,50-150人,未融资
宜信,前端开发,本科,3-5年,,"行业top,加班少,六险一金,团队氛围好",20k-35k,北京,1号线_大望路;1号线_四惠;6号线_金台路;14号线东段_金台路;14号线东段_大望路,2000人以上,上市公司
丽兹行,前端开发,本科,3-5年,,"六险一金,新技术,新项目,技术大牛",20k-35k,北京,14号线东段_望京;14号线东段_阜通;14号线东段_望京南;15号线_望京东;15号线_望京,500-2000人,不需要融资
广安车联,web前端,本科,3-5年,,双休 五险一金,15k-20k,北京,1号线_永安里;1号线_国贸;1号线_大望路;10号线_金台夕照;10号线_国贸;10号线_双井;14号线东段_大望路,150-500人,上市公司
恒昌利通,高级WEB前端开发工程师/架构师,本科,5-10年,,大平台、BAT大牛团队、晋升空间大,20k-40k,北京,,2000人以上,不需要融资
SenseTime,Web前端高级工程师,本科,3-5年,,"免费健身,水果多多,丰富零食,奋斗团队",20k-35k,北京,4号线大兴线_北京大学东门;13号线_五道口;15号线_清华东路西口,500-2000人,B轮
东方国信,web前端开发工程师,本科,3-5年,,年底双薪，有项目奖金，丰富团建活动,8k-12k,北京,14号线东段_来广营;14号线东段_东湖渠,2000人以上,上市公司
中化能源互联网科技,WEB前端工程师,本科,1-3年,,"充分授权,管理简化,体制创新,目标导向",20k-30k,北京,,2000人以上,不需要融资
阿里影业,阿里影业-前端开发工程师,本科,3-5年,,"迅速成长,团队牛人多",15k-30k,北京,,2000人以上,上市公司
搜狐媒体,【社招】【搜狐大数据中心】前端开发工程师,本科,不限,,晋升空间大&amp;15天带薪年假&amp;团队氛围好,15k-30k,北京,,2000人以上,上市公司
飞驰镁物,Web前端工程师,不限,3-5年,,年底双薪 弹性工时 五险一金,10k-15k,北京,7号线_化工;7号线_百子湾,50-150人,A轮
京东商城,前端开发工程师,本科,5-10年,,"牛人多,环境好,福利好",20k-40k,北京,8号线_奥林匹克公园;8号线_森林公园南门;15号线_奥林匹克公园,2000人以上,上市公司
云帐房,web前端工程师,本科,3-5年,,老板nice,15k-30k,北京,1号线_建国门;2号线_朝阳门;2号线_建国门;5号线_灯市口;6号线_朝阳门,150-500人,B轮
美味生活,web前端工程师,本科,不限,,"可持续发展,晋升迅速,紧邻地铁,互联大咖",10k-20k,北京,4号线大兴线_海淀黄庄;4号线大兴线_中关村;4号线大兴线_北京大学东门;10号线_苏州街;10号线_海淀黄庄;10号线_知春里,500-2000人,A轮
丽兹行,前端,本科,3-5年,,"新项目,技术大牛,新型技术,高薪",20k-35k,北京,14号线东段_望京;14号线东段_阜通;14号线东段_望京南;15号线_望京东;15号线_望京,500-2000人,不需要融资
Gridsum 国双,高级web前端工程师（北京）,本科,3-5年,,六险一金、弹性工作、奖金丰厚、技术牛人多,15k-30k,北京,4号线大兴线_人民大学;4号线大兴线_海淀黄庄;10号线_海淀黄庄;10号线_知春里;10号线_知春路;13号线_大钟寺;13号线_知春路,500-2000人,上市公司
大庆高新国际工贸有限公司,WEB前端开发工程师,本科,3-5年,,"跨境电商,大宗商品,晋升空间,平台稳定",8k-10k,北京,5号线_惠新西街南口;5号线_惠新西街北口;10号线_惠新西街南口,50-150人,未融资
友友系统,前端工程师,不限,3-5年,,根据能力薪资上不封顶~,14k-28k,北京,,50-150人,D轮及以上
陌陌,Web前端工程师(视频直播）,本科,1-3年,,"核心部门,上升空间大",15k-25k,北京,,500-2000人,上市公司
INK 银客集团,前端开发工程师,本科,3-5年,,"七险一金,期权激励,成长极快,免费午餐",20k-30k,北京,4号线大兴线_海淀黄庄;4号线大兴线_中关村;4号线大兴线_北京大学东门;10号线_苏州街;10号线_海淀黄庄;10号线_知春里,500-2000人,C轮
360,web前端开发工程师,本科,3-5年,,网络安全项尖团队、大牛云集,20k-35k,北京,14号线东段_望京南;14号线东段_将台,2000人以上,上市公司
便利蜂,前端工程师,本科,3-5年,,"明星团队,新零售领域,带薪假期",20k-40k,北京,,2000人以上,不需要融资
搜狐媒体,前端开发工程师,本科,1-3年,,晋升空间大，办公环境好,15k-30k,北京,4号线大兴线_海淀黄庄;4号线大兴线_中关村;4号线大兴线_北京大学东门;10号线_海淀黄庄;10号线_知春里;10号线_知春路;13号线_知春路;13号线_五道口,2000人以上,上市公司
美图公司,Web前端开发工程师,本科,1-3年,,上市公司 创新项目 资源支持,10k-20k,北京,,500-2000人,上市公司
鲸准,WEB前端开发工程师,本科,3-5年,,年底双薪,10K-20K,北京,10号线_车道沟;10号线_长春桥;10号线_火器营,150-500人,D轮及以上
云帐房,WEB前端开发团队leader（技术经理）,本科,5-10年,,优秀的leader 和谐团队 好的技术平台,20k-35k,北京,1号线_建国门;2号线_朝阳门;2号线_建国门;5号线_灯市口;6号线_朝阳门,150-500人,B轮
滴滴出行,前端开发工程师(J170915012),本科,5-10年,,快速发展平台 简单开放团队,25k-40k,北京,,2000人以上,不需要融资
飞狐游戏,Web前端开发工程,不限,1-3年,,技术大牛带,8k-16k,北京,13号线_西二旗;昌平线_西二旗,15-50人,A轮
慕课网,Web前端讲师,大专,3-5年,,五险一金 补充医疗 节日福利 员工旅游,15k-25k,北京,4号线大兴线_魏公村;4号线大兴线_人民大学;10号线_长春桥,50-150人,不需要融资
